age,annual_income,credit_score,loan_amount,loan_term,existing_debt,employment_type,previous_defaults,dependents,loan_approved
59,755655,713,222409,24,29717,1,3,3,0
49,1303200,534,483541,60,181056,1,3,3,0
35,603322,715,395744,12,369436,0,3,4,0
28,1483141,798,844865,48,418351,2,1,3,1
41,268008,414,557173,48,159236,0,1,2,0
59,577539,533,714471,12,467705,0,3,3,0
39,316492,839,678274,36,300706,2,1,4,0
43,272240,310,900185,36,462326,1,2,4,0
31,1186753,505,688071,24,20169,1,3,4,0
31,925947,546,261655,60,453074,1,3,1,0
44,472900,426,516836,24,283748,1,1,1,0
56,661227,446,858183,36,351814,1,0,1,0
60,335327,417,721813,12,376749,1,3,1,0
44,849991,681,791204,24,350882,1,1,1,0
23,1042981,711,482184,48,393900,1,1,1,0
42,365575,662,211149,48,128140,1,0,1,1
22,1243445,808,289654,12,102537,2,3,4,0
44,693948,436,477991,36,246337,0,0,0,0
50,429189,474,239216,48,111301,1,2,1,0
58,598465,588,885002,48,270151,1,0,4,0
22,451051,780,227169,60,377059,2,0,0,1
41,1136705,318,860935,24,231704,0,1,1,0
53,849829,494,708139,36,117419,1,0,0,1
32,913936,629,923272,24,303931,2,2,0,0
42,980641,474,181827,36,311726,0,1,2,0
45,471830,748,351407,48,205863,2,2,3,0
47,515507,653,944923,60,228870,0,0,2,0
48,559687,798,367231,24,345773,1,2,0,0
36,1424491,440,625770,48,267926,2,2,4,0
35,654179,392,172989,36,66770,1,0,1,0
23,1230596,538,460616,24,57645,1,0,3,0
57,242828,504,876547,24,103509,0,1,1,0
27,1035036,732,326393,48,230796,2,1,4,0
41,472670,544,818543,24,425212,1,3,3,0
29,1274168,616,684649,60,291348,0,1,2,0
59,491126,594,861032,60,17152,1,0,0,0
38,986639,581,349850,48,448402,1,2,4,0
24,1480617,316,855654,36,238972,0,2,0,0
45,954296,370,411185,48,352699,0,1,0,0
34,324982,568,940936,60,216096,0,1,1,0
29,1317195,624,91139,12,233731,1,0,4,1
46,508623,604,689207,12,281833,1,2,0,0
22,1399751,750,821965,24,181762,1,3,2,0
40,370963,306,353446,24,487258,2,3,3,0
48,1390402,613,275756,12,345395,2,1,4,0
27,1067869,402,399982,60,188392,1,3,1,0
28,1347116,492,714006,24,457442,0,0,4,0
55,1059414,828,718903,48,187163,1,3,1,0
34,386994,470,799856,48,368709,1,1,3,0
37,510375,836,728145,60,472517,1,0,2,0
56,229301,550,914785,24,415158,1,2,0,0
60,1471300,686,998910,48,38712,1,0,4,0
24,1244327,506,401136,24,257387,2,1,1,1
22,393783,840,887860,24,236502,0,1,3,0
26,218752,715,598065,48,196349,1,3,0,0
24,1215416,679,107939,12,311776,0,3,3,0
49,937565,443,496242,48,431247,2,2,2,0
38,868755,324,922882,60,20478,0,2,0,0
46,417029,372,997057,36,22551,0,1,0,0
54,1107669,392,73548,48,48068,1,1,0,1
30,1304849,804,506437,24,93608,1,1,1,1
56,1368544,635,699837,24,35561,0,2,0,0
34,577844,724,483917,48,133964,1,1,3,0
51,210699,798,494503,36,492718,1,2,1,0
35,1444709,663,187799,48,286539,0,1,0,0
28,734003,498,815820,36,18756,1,0,3,0
34,1267745,712,231789,36,247652,2,0,3,0
43,718652,638,475643,60,480926,1,1,4,0
60,318413,728,722052,24,427867,1,0,3,0
41,1373057,438,605913,24,251227,1,2,2,0
36,415400,841,861350,36,328477,1,3,0,0
38,1232532,356,484352,24,466961,0,0,0,0
44,759873,531,951258,12,499755,1,3,0,0
46,1427512,734,689169,36,180378,2,0,3,1
45,592136,683,495625,24,152418,2,2,3,0
49,589954,493,852009,12,375705,1,0,0,0
35,238067,833,397299,60,290168,0,0,1,0
21,218073,817,161776,24,226022,0,1,1,0
45,236035,484,935678,12,434034,1,3,2,0
27,1444625,591,808284,48,5947,1,3,4,0
29,433782,634,832119,48,468369,0,2,2,0
44,814661,415,563624,12,479456,2,2,0,0
21,814805,348,262803,36,127192,1,3,0,0
28,926331,381,208761,36,257591,2,1,0,0
44,261929,632,716514,24,356382,1,1,4,0
31,957771,634,547873,48,329572,1,3,3,0
37,1085296,831,407092,36,422970,1,0,4,1
28,867689,520,71341,36,325499,1,3,2,0
55,980965,622,409698,48,451457,1,0,3,1
55,487313,302,255753,60,462176,1,3,3,0
53,287468,505,944230,36,392102,1,0,2,0
25,1283170,339,358474,12,258492,2,1,3,0
59,391703,358,823429,24,238826,1,3,1,0
48,1293609,806,399903,36,144490,1,2,2,0
27,1190669,421,773776,36,226494,2,0,2,0
29,1322437,778,830427,60,231391,0,1,1,1
28,907650,395,398951,12,481809,0,2,4,0
32,493894,713,869745,24,186256,1,1,4,0
54,1326798,534,359044,36,398049,1,0,4,0
53,836308,361,128840,24,468646,2,3,3,0
43,993153,555,215767,48,245318,1,1,1,0
44,744897,647,211297,36,172905,1,3,2,0
57,1452557,423,922504,36,393781,1,3,2,0
55,304211,781,932799,48,433396,0,1,2,0
60,1434897,616,99156,60,18402,1,1,3,0
42,687689,803,258281,36,173917,2,1,3,0
47,1123160,347,137453,24,75851,0,3,4,0
55,1060952,708,733189,12,12834,1,2,3,0
21,1050741,435,75938,24,67850,1,0,4,0
55,1278560,500,109164,60,37180,0,2,4,0
57,1254477,549,497746,12,397099,0,3,2,0
34,362624,613,773559,24,109688,2,1,3,0
23,1470893,667,634570,24,206659,1,1,4,0
21,893045,728,359945,48,368664,0,0,1,0
25,1191469,779,452681,60,273839,0,0,1,1
46,345788,613,315470,48,127135,1,2,3,0
34,838387,799,971163,12,154195,1,2,2,0
59,735426,654,732954,48,58481,1,0,2,0
47,890658,784,165819,60,73438,0,3,4,0
29,1168616,510,316907,36,111491,2,2,3,0
35,223429,343,531873,36,410789,1,1,1,0
35,1450956,840,191900,12,121844,1,1,4,0
46,972577,391,359732,36,357054,1,3,4,0
33,1493703,564,847653,48,56494,1,0,0,1
52,1087700,519,454427,12,405504,2,2,3,0
59,1265923,741,587857,60,309122,2,1,4,0
52,756110,700,277966,12,465636,1,0,1,0
24,1164163,699,87860,12,379989,2,2,0,0
50,1115387,789,252630,24,392765,1,3,1,0
57,207967,784,881769,24,207167,2,1,2,0
43,425371,769,573225,12,54672,0,3,0,0
59,1457100,744,718875,36,61821,1,3,0,0
35,1413261,568,645983,24,345805,1,3,4,0
49,752467,566,303078,60,69224,2,2,2,0
56,451537,353,816887,48,351549,0,3,4,0
33,1041531,827,418893,24,234745,1,2,3,0
52,1064645,819,205976,12,54796,1,2,1,1
27,1135772,358,765295,36,437922,1,3,1,0
42,671082,339,880222,48,128554,1,3,4,0
48,260545,536,905012,24,385921,2,0,1,0
22,1483131,685,55636,36,266167,1,1,1,0
26,423894,599,311578,36,245358,2,0,3,0
48,927506,694,389273,36,213708,1,1,2,0
48,1189470,506,970396,12,167807,1,1,0,0
40,450497,635,333816,60,335103,1,0,4,0
50,1173181,813,842244,36,39218,0,0,4,0
31,1219658,477,277693,48,405429,1,1,3,0
48,901692,695,571393,24,494735,1,1,3,0
45,1106295,670,50654,48,229766,1,1,0,1
59,1404680,617,628921,12,290604,1,2,2,0
53,893206,668,67143,12,386723,1,1,4,0
21,1293512,683,630222,48,326824,0,3,3,0
47,885154,361,379478,60,31017,0,3,4,0
33,1450632,804,677751,12,491752,1,3,1,0
23,425469,538,175851,12,354182,1,0,4,0
59,1276717,494,603375,48,424206,0,0,2,1
26,337478,521,716978,12,19515,1,0,2,1
28,1345935,360,844878,60,423207,1,1,4,0
47,1109711,428,938559,60,400850,1,3,1,0
29,1402939,455,361011,60,208106,1,1,2,1
57,821827,677,494244,24,469668,1,2,3,0
53,693158,736,896533,60,422593,1,2,4,0
44,223312,506,208272,60,295145,1,0,1,1
35,1160612,687,276179,24,1391,1,2,3,1
52,627387,779,924506,36,196278,1,3,4,0
52,634995,639,766825,12,109388,1,2,1,0
44,998843,639,552716,60,304359,0,0,3,1
32,1497638,503,267508,12,79720,1,1,2,0
59,1043441,460,692710,48,289258,1,2,4,0
22,635684,839,400036,12,142954,2,3,4,0
23,257022,691,269631,24,375286,2,3,2,0
57,533373,833,432188,12,148345,1,3,0,0
37,1347647,369,89148,12,368350,1,1,3,0
22,1430844,704,919360,12,45647,0,3,2,0
22,1197858,816,201770,36,475881,1,0,4,1
48,558918,419,485686,36,195964,1,0,3,0
43,689626,516,535287,48,42679,1,3,3,0
57,488859,355,888092,24,262571,1,2,0,0
52,1014037,665,871882,12,228024,0,3,4,0
53,755462,803,761823,12,391813,2,0,1,1
21,1127460,754,345901,12,66267,0,0,0,0
39,1324949,403,128012,12,799,2,0,0,1
22,1441597,376,943182,36,317803,2,2,1,0
46,393718,529,963475,48,487625,1,2,1,0
52,794305,557,998894,60,7025,1,2,0,0
26,263037,563,106116,24,14481,1,0,3,1
52,730836,630,194233,12,287555,1,1,2,0
24,841269,481,82152,48,227966,1,3,2,0
31,1482789,849,156379,60,105928,1,3,0,0
37,404366,326,276905,48,123014,1,0,3,0
58,702420,575,70836,36,408177,1,2,1,0
44,354249,598,271439,60,414983,1,1,0,0
25,1238199,390,236720,48,51690,1,1,4,0
54,860902,779,207403,36,52870,1,2,3,0
26,1470660,757,191835,48,499752,0,3,4,0
42,1309004,750,905876,48,167207,0,3,4,0
31,1436180,664,667397,60,457730,1,1,0,1
36,740340,650,200259,36,86928,0,1,3,0
53,1349265,699,193029,12,209870,0,2,4,0
29,902436,552,447595,24,70765,2,3,3,0
26,646636,758,995463,60,285916,0,1,2,0
36,856031,798,656306,36,392561,1,3,4,0
49,462307,807,697364,48,280943,1,1,4,0
23,1171248,603,732465,36,374195,2,2,3,0
40,663547,800,444093,24,129941,1,3,2,0
56,603850,465,753713,24,23555,1,1,4,0
39,1384446,714,920220,12,354296,1,1,0,0
46,710259,761,933302,12,389363,1,1,3,0
23,1259325,413,789945,24,412549,1,1,3,0
39,828419,732,395452,60,397477,0,2,4,0
40,425019,655,494783,60,381977,2,3,2,0
52,797218,506,370057,48,331146,1,3,4,0
27,1017052,534,576925,12,308697,1,0,1,0
53,919401,741,515994,48,265232,1,3,4,0
60,1301928,654,878457,12,45783,1,0,1,0
59,624127,814,812277,24,1115,2,1,0,1
38,1412432,507,806547,60,463330,1,2,3,0
60,203191,424,411652,60,199198,1,2,3,0
21,828864,437,656752,24,72908,0,1,2,0
31,1444289,638,340886,48,69109,2,0,4,1
48,642939,836,586119,48,265122,1,1,0,0
45,1252207,367,163768,36,371087,0,2,1,0
43,1385820,840,821271,12,9422,0,2,2,0
51,504224,682,397236,48,174698,1,3,0,0
50,420169,318,927311,24,89233,2,0,0,0
55,814641,749,924802,48,318318,1,3,1,0
27,752959,373,962969,60,489572,1,2,1,0
36,421972,575,679112,12,37743,0,2,3,0
46,948321,347,138741,36,201533,1,3,4,0
22,708679,510,68830,12,450415,1,3,2,0
21,621818,839,367188,60,392432,2,2,4,0
32,904590,490,910380,60,129000,1,3,2,0
25,1191120,614,119202,60,384922,2,3,0,0
57,1255675,412,349189,60,29430,1,0,1,0
52,780780,469,267394,24,28834,0,2,1,0
29,1345298,767,560473,36,24435,1,1,0,1
55,1165188,313,252123,60,87212,1,0,0,0
39,754399,587,943941,60,55797,2,1,2,0
36,263936,488,207699,48,436770,2,3,0,0
23,423332,454,327342,36,54555,0,3,2,0
40,925836,770,905953,12,85350,0,1,4,0
44,687510,374,554655,36,14716,0,3,1,0
53,263530,576,680759,36,60261,2,3,1,0
44,1396179,642,865907,36,420744,2,0,1,1
31,1074772,724,286824,60,264139,1,1,4,0
28,1162361,810,562214,60,22414,1,0,4,1
56,341214,481,69403,24,144916,1,1,3,0
58,839341,757,53681,12,167731,1,0,2,1
60,603082,363,403699,48,15522,1,2,2,0
40,401139,559,955316,36,498665,1,2,3,0
55,1228494,492,929554,12,391776,0,1,1,0
45,1221318,705,689548,12,336178,0,2,2,0
55,849714,392,747652,24,304466,2,0,2,0
45,788315,729,679674,48,329782,1,1,1,0
49,1407786,733,807666,36,363478,1,2,0,0
38,292601,703,448845,48,139596,1,2,0,0
38,1278532,733,143246,24,30846,1,1,3,1
22,1486916,411,145864,60,335787,1,2,4,0
55,829085,674,258886,12,453312,1,2,2,0
36,1112735,358,320561,36,114930,1,1,2,0
56,621486,342,431032,60,477020,1,2,3,0
53,803103,506,215837,24,440919,0,2,3,0
24,239279,595,910931,48,286543,1,2,2,0
53,571931,417,967340,12,206232,1,2,1,0
34,348702,831,295160,36,223734,1,3,1,0
41,1309639,521,237646,60,219739,1,1,4,0
40,973887,465,533761,60,123182,1,3,2,0
28,852184,455,833566,12,48591,0,3,2,0
27,645377,483,864107,48,151786,1,0,2,0
23,719089,389,306681,24,499383,2,3,2,0
37,946434,393,515483,48,298021,0,3,3,0
53,1457008,312,745923,48,84106,1,0,0,0
32,382051,737,585620,48,78018,1,2,2,0
42,1346237,837,829105,12,361998,0,2,0,0
42,1143693,449,855609,12,452352,1,3,1,0
50,323257,307,966992,24,164486,1,0,4,0
58,1179062,328,270326,48,120832,1,2,1,0
58,1175217,595,773807,12,86576,2,0,2,1
28,1203171,639,311849,24,210015,1,1,1,0
47,1123482,738,369248,24,254664,0,1,3,0
47,1003585,443,396479,48,176540,2,1,0,1
54,954444,818,427082,36,492057,1,1,2,1
41,312990,344,130730,48,210774,1,3,3,0
50,1318095,538,448167,36,203180,1,1,0,0
53,1258079,454,287474,24,491754,1,1,3,0
48,1440351,480,340477,12,92508,1,0,1,1
53,1181883,514,333817,60,308979,0,2,2,0
25,913226,387,950853,24,194405,1,0,1,0
39,1396553,555,615158,12,42464,0,3,4,0
24,226806,810,303017,24,374598,2,1,2,0
55,1424648,372,701824,48,153995,0,2,1,0
37,615384,478,383245,36,116062,1,2,2,0
48,270119,511,859253,24,455071,2,1,0,0
50,1433741,533,75494,12,329589,1,1,2,0
49,829720,764,673765,48,372598,1,3,2,0
26,670641,522,438227,60,384050,1,3,0,0
55,1079381,563,779520,48,98384,1,1,1,0
57,607507,506,424842,36,198691,1,1,2,0
44,1063403,665,423704,48,177218,1,1,3,0
49,1079903,575,444051,60,322176,2,1,2,0
51,1085421,679,330790,12,375665,2,2,1,0
55,284080,608,173777,24,378522,2,3,0,0
53,1178836,567,651648,36,17140,2,1,1,0
41,1326370,363,349479,60,264814,1,1,4,0
52,492985,649,905783,36,298663,1,2,2,0
43,324447,793,951366,48,44512,2,0,2,1
53,320029,822,183501,36,451027,1,1,0,0
23,379830,397,354094,60,103565,2,2,2,0
38,761931,370,634942,24,145763,1,2,3,0
45,506094,663,419566,24,367300,1,0,3,0
51,1436497,575,422078,36,165334,1,3,1,0
23,883404,349,169975,12,185964,2,3,0,0
60,587732,657,773503,36,25595,0,3,4,0
44,1066183,784,403330,48,188279,1,1,1,0
52,822893,383,416378,24,246661,1,3,0,0
42,1041965,595,676614,24,164512,1,1,0,0
43,544710,535,127527,24,270774,1,1,1,0
22,832543,355,398848,12,424466,1,2,1,0
47,984586,659,998603,12,487550,1,3,2,0
22,1211967,409,482601,60,260300,1,3,4,0
46,651157,491,216991,36,239644,1,3,3,0
37,1306581,392,146952,36,229820,1,1,2,0
60,1465898,359,897214,48,369605,1,1,0,0
53,1438360,338,383260,24,208590,0,3,4,0
29,223387,839,515806,12,74191,2,1,4,0
59,1080412,348,926058,48,458007,1,1,1,0
49,1334033,719,483603,48,477334,1,0,4,1
46,344129,312,721183,12,100591,1,0,4,0
55,1228308,335,96015,36,63753,1,3,0,0
45,517875,400,152877,24,60520,1,3,2,0
44,1428337,385,327483,36,266152,1,0,4,0
33,768926,815,573165,48,437680,1,1,1,0
27,684814,522,708851,24,369552,1,1,2,0
56,1426134,637,443922,60,262640,1,2,1,0
40,622955,465,671781,48,361911,0,3,4,0
21,1252330,682,721088,36,285356,1,3,2,0
28,267260,675,974501,36,282781,0,3,4,0
36,1315488,770,546753,36,307371,0,2,0,0
34,456695,330,765768,12,475629,2,2,2,0
32,732994,674,441670,48,381897,1,1,1,0
43,995326,310,481739,24,120118,1,0,0,0
35,546130,601,695936,36,214418,1,0,3,1
48,1068374,395,337307,36,272028,2,0,1,0
54,229725,489,723078,12,116481,1,1,4,0
22,1385574,752,661796,24,68259,1,0,1,1
52,304555,491,789127,48,49810,1,2,3,0
43,461486,785,351763,60,129926,2,2,1,0
42,995928,565,324270,12,4761,2,3,0,0
45,1088036,723,639214,48,466382,2,0,1,0
42,1074631,427,90633,60,258414,0,2,2,0
42,765609,537,258726,36,16375,1,3,3,0
26,433103,654,53317,36,238117,1,0,1,1
35,1182599,411,357124,24,418434,1,0,3,0
57,615872,745,880547,60,161637,2,2,0,0
53,255147,642,767006,36,102654,0,3,2,0
28,642882,444,879590,36,295119,0,3,4,0
25,675584,364,761323,24,158145,1,2,1,0
59,500931,546,490847,48,200798,0,2,0,0
24,444839,789,754676,36,132955,0,2,3,0
26,656162,738,417508,12,461638,1,0,3,0
52,746015,405,502558,12,180701,1,2,0,0
50,1343657,480,327648,48,195242,0,2,1,0
55,889556,483,773953,60,74489,1,1,4,0
60,892095,525,469876,24,8381,1,2,1,0
36,960109,388,873628,12,416454,0,2,2,0
33,1328678,829,902370,12,144867,1,0,1,1
50,1197082,670,976109,48,489180,1,3,2,0
39,356570,698,369532,60,62999,1,0,3,1
37,1316271,405,262369,60,312051,1,1,2,0
39,631116,570,629789,48,402854,0,2,4,0
48,721608,802,758669,12,332611,2,2,0,0
46,317235,824,77043,24,304767,2,2,2,0
57,1202403,331,83635,12,169564,2,2,1,0
46,1267609,692,260387,60,419627,0,2,2,0
43,716409,339,130691,12,372868,2,2,3,0
29,866165,517,549730,24,151606,2,1,2,0
32,891211,381,869564,36,495580,2,2,4,0
21,751120,500,851798,12,422397,0,2,2,0
21,1443085,746,143944,48,365213,1,2,4,1
54,345016,727,777467,36,19996,2,1,1,0
52,482017,337,505796,48,203161,1,2,3,0
45,1338040,510,951699,48,105682,1,1,0,0
60,870739,743,565578,48,345753,2,0,1,1
21,1365898,626,89236,12,465882,1,2,1,0
36,945182,526,316294,60,160477,1,3,0,0
59,647557,347,423513,36,363634,1,1,2,0
25,998519,317,855855,24,257972,2,0,2,0
42,616978,738,578425,60,71325,0,1,2,0
49,1233316,486,604280,12,28930,1,1,3,0
23,1069049,644,946972,48,376570,1,0,1,1
32,824771,523,165140,24,17529,1,2,4,0
46,723886,787,225993,36,53546,1,2,0,0
36,1483203,528,695513,60,270086,2,1,1,0
57,742601,689,522585,60,269692,2,0,2,1
42,1363490,487,903349,24,377392,0,2,0,0
49,747993,569,385834,12,411512,1,1,4,0
34,303892,609,346379,36,182088,0,3,1,0
48,843942,431,260047,24,97780,1,0,1,0
25,1439444,850,593410,48,262440,1,3,3,0
50,1328649,371,336100,36,67945,2,3,1,0
25,304195,486,113879,60,59980,2,1,1,0
32,916987,785,632848,24,318926,0,0,4,0
36,1282424,490,422454,60,165301,0,2,4,0
46,1132883,721,774045,60,96382,1,2,0,0
46,1226630,419,992164,60,53444,1,1,2,0
41,268099,519,287268,12,297180,1,2,4,0
59,1212237,352,529280,60,260186,2,2,0,0
56,1317698,750,557656,48,301466,2,3,1,0
53,773156,711,837600,48,158239,1,3,0,0
50,686275,536,357268,36,313811,2,0,0,0
57,498871,705,741257,60,94527,1,3,0,0
43,1357655,721,720392,60,83337,1,2,0,1
30,1052129,546,364941,24,313612,1,0,4,0
25,1264605,371,871726,12,72894,0,0,2,0
56,1494929,484,487043,36,446300,2,1,0,0
54,607442,305,839948,60,63138,1,3,3,0
51,1443294,505,200823,24,284732,1,0,1,1
30,1096816,843,604661,12,325045,1,2,1,1
39,1317502,686,172026,36,410887,0,0,1,1
52,517650,375,80270,36,83038,0,0,1,0
21,643031,476,977890,60,483880,1,1,1,0
25,1290668,648,282931,36,424861,1,2,0,0
24,1183581,554,770177,24,138709,1,2,2,0
36,352889,607,115184,36,393876,1,3,3,0
44,893221,644,557532,48,369355,1,2,4,0
36,375006,426,785053,24,269066,1,0,3,0
22,969727,586,612167,12,93697,1,2,4,0
48,1389906,786,361741,12,175793,2,2,4,0
52,1306351,682,53626,60,450472,1,0,3,1
47,490998,705,660224,60,252097,1,1,0,0
40,861616,687,545395,48,379361,0,3,1,0
44,276256,824,809161,12,331650,1,3,0,0
32,1151441,575,655803,12,200015,0,1,1,0
55,381360,799,258137,12,124338,1,0,2,0
53,546874,636,629678,12,27843,0,3,4,0
53,618267,780,984149,36,140118,1,1,3,0
57,1491210,572,797320,24,482552,1,1,2,0
32,1133688,357,628432,24,457201,1,1,1,0
23,233787,627,194454,48,473299,0,3,0,0
21,745909,408,578313,36,365208,0,3,3,0
53,802272,578,486442,12,227997,1,3,4,0
60,511955,627,391524,12,126417,0,3,2,0
30,230447,614,304043,60,116585,1,2,4,0
49,328046,773,693198,60,30346,1,1,1,0
33,939290,410,512927,48,219356,1,2,4,0
32,1217541,528,670343,12,385296,1,1,0,0
51,841147,796,438333,48,373913,2,3,2,0
22,388490,455,780070,36,102391,0,3,2,0
55,1232038,772,970947,24,484600,1,2,0,0
43,607688,571,857827,12,446742,1,0,4,0
37,704409,301,847157,36,335287,0,3,0,0
46,1486980,810,607749,12,298931,1,0,3,1
28,716595,585,308072,60,295727,1,1,0,0
49,863689,312,615403,48,143635,1,2,4,0
46,365937,797,160084,60,177132,1,0,0,0
30,1295426,537,395876,24,260609,1,0,1,1
46,443306,393,523006,60,121943,1,3,0,0
54,1342384,637,391701,12,245534,1,0,0,1
27,861757,470,907692,60,164762,1,0,4,0
24,428981,766,734050,12,373377,1,1,3,0
31,722220,442,837839,24,225784,0,2,3,0
49,253072,500,123568,60,14925,0,3,4,0
56,1271860,479,108560,48,217859,1,3,4,0
45,283369,663,198866,48,83184,2,0,4,0
41,1011554,778,200953,48,413324,1,1,1,0
56,937266,770,791652,60,76515,0,0,2,1
30,787100,683,811058,60,199330,2,0,0,0
57,484580,716,276024,60,136427,1,3,4,0
29,723156,607,230775,12,308213,1,0,4,0
44,969097,666,141288,24,225407,2,0,4,0
55,452164,300,521678,48,100854,1,1,3,0
55,969605,343,431164,12,316615,0,3,4,0
56,350787,397,935733,48,294849,1,2,0,0
38,360381,564,824124,12,174981,1,1,4,0
59,649830,439,64390,60,219678,1,1,0,0
52,1104098,780,547619,48,128501,1,1,1,0
44,268920,536,268547,60,116361,2,3,2,0
43,1030051,371,601595,48,184811,2,0,3,0
52,850024,489,277436,36,207892,2,2,0,0
57,1130997,567,275121,12,87273,2,3,1,0
32,741357,620,301063,36,285385,2,0,2,0
33,207531,406,74502,12,420630,0,1,2,0
43,630267,531,596774,24,50818,1,3,2,0
45,1315731,341,423957,48,151967,1,0,0,0
55,1131479,438,743618,24,354451,2,2,1,0
50,507747,572,763076,24,193481,1,2,4,0
37,1140756,780,278300,12,448540,1,0,1,1
40,674013,715,153920,36,329064,0,3,1,0
45,332503,805,786854,60,446771,1,1,1,0
42,892841,723,394912,12,118642,1,0,0,1
33,864917,706,978252,60,327597,0,1,0,0
39,1152246,689,637073,24,284833,1,2,0,0
56,219675,641,650338,60,195428,1,0,1,0
32,273997,792,597026,36,224083,1,2,0,0
39,348087,491,124231,12,401468,1,1,2,0
32,1167561,798,123606,36,292988,1,1,0,1
29,686799,532,536517,36,95687,1,0,3,0
27,719349,526,353806,12,498758,0,0,0,0
48,955678,670,430457,36,285509,2,0,0,1
34,340905,438,277369,48,137098,1,2,0,0
51,470040,448,851555,48,360447,1,1,0,0
39,511877,414,543896,48,290667,1,1,3,0
36,766088,749,206688,60,141554,0,2,4,0
25,1344620,362,545898,36,112105,2,0,0,1
55,467491,403,323326,12,311032,1,3,2,0
32,689066,572,926801,12,113884,1,0,3,0
45,858003,305,505229,60,106968,0,3,4,0
41,502929,446,212403,12,312254,2,3,0,0
56,1005113,483,751458,48,221716,1,2,4,0
43,566008,327,76128,36,393709,0,1,2,0
36,1133396,849,81556,12,449410,1,1,3,1
59,1033731,418,308470,12,82001,2,1,3,0
59,1265649,592,727236,24,39767,1,1,4,0
34,953158,670,190021,24,29550,1,2,0,0
51,315359,543,626250,24,144905,1,3,1,0
25,1125431,517,664342,36,134042,1,1,3,0
55,266707,476,567200,48,98315,1,3,1,0
43,451351,598,252278,48,95494,0,2,3,0
49,670670,357,598387,48,127424,1,0,0,0
31,1487087,568,285943,36,375999,2,2,0,0
38,1484294,607,980220,36,82681,1,1,3,0
32,250601,587,233683,24,363633,1,0,4,0
29,1194969,404,744245,12,180249,1,2,0,0
30,695479,527,365288,60,460558,1,2,0,0
37,451924,546,246292,60,392690,2,3,2,0
58,983441,793,582125,12,252411,1,2,0,0
27,449430,382,230427,24,464416,0,0,2,0
33,1371364,485,228371,12,192573,2,2,0,0
60,480466,551,986663,12,28900,1,1,0,0
29,650930,654,961644,60,14126,2,3,4,0
47,1310868,509,953112,24,111198,1,0,4,0
22,753343,746,822291,36,201762,2,0,0,1
25,505035,759,418946,60,218816,0,2,3,0
49,468448,771,676701,36,341447,1,1,3,0
57,1408948,669,101012,24,216651,2,3,0,0
58,1141763,791,180193,12,441210,0,0,3,1
39,291006,436,268168,48,329205,0,3,0,0
28,329350,666,198178,48,492280,1,2,4,0
21,888725,483,108123,24,16978,2,1,1,0
42,1005878,586,161825,48,56344,0,2,2,0
37,988768,771,583008,36,308792,2,3,3,0
27,406487,674,218733,48,263199,1,2,3,0
45,297852,836,820391,24,75582,1,3,4,0
24,1387169,810,274970,24,232459,2,0,3,1
56,927067,549,274866,36,81214,1,0,0,0
26,878841,809,988624,48,438092,0,2,0,0
51,480618,372,200862,48,223232,1,0,1,0
39,1426408,581,632943,12,370098,1,3,1,0
59,1042150,659,765003,60,38725,1,0,1,0
47,245232,309,667736,24,398471,2,1,0,0
30,548688,510,228446,12,468163,1,1,1,0
46,660385,451,748267,24,315524,1,2,1,0
39,983301,304,231143,12,245720,1,2,0,0
59,512813,494,694795,60,53333,0,2,4,0
23,1457669,582,346956,12,304603,0,2,3,0
33,1226657,763,886002,24,378662,2,3,2,0
48,1261716,412,363045,48,261910,0,3,0,0
40,738645,570,110186,24,298307,0,1,0,0
48,1360248,462,172066,36,165043,1,3,2,0
28,530817,759,440508,36,489987,1,0,2,1
59,932303,404,755611,36,196221,2,1,1,0
21,820399,581,770531,36,346874,1,2,2,0
23,1064690,461,86160,60,281620,0,2,3,0
33,606140,650,69156,48,330724,1,3,3,0
48,1317862,733,126208,48,251831,1,1,3,0
45,293269,439,523196,24,367720,1,3,3,0
53,458635,770,515536,12,348737,1,3,3,0
58,1322647,431,723289,24,200122,2,3,1,0
26,1469671,386,509822,24,206598,2,1,0,0
52,713317,482,281226,24,497712,1,2,2,0
41,1279227,667,505775,24,371215,1,0,0,1
36,270202,428,497421,48,114832,1,2,2,0
41,1297353,545,816054,12,400723,2,1,1,0
31,348066,677,511691,24,463609,2,2,1,0
57,1053695,448,769701,48,143190,0,2,4,0
56,390706,732,931809,24,181601,1,0,4,0
55,824446,768,355007,36,68682,1,2,1,0
39,997232,745,787197,24,223009,0,2,1,0
40,1024255,780,115439,24,447392,0,2,2,0
38,480852,593,712554,60,246553,1,3,1,0
34,868179,442,776747,36,353857,1,1,0,0
35,788158,549,695649,12,366204,0,1,2,0
51,733571,601,262986,24,135486,1,0,1,1
21,1065139,324,247286,12,83030,1,3,2,0
23,1451703,369,932608,36,120360,1,3,2,0
36,1390631,411,542508,24,348117,1,2,3,0
43,1004565,663,79777,60,455353,0,1,4,0
31,725069,602,306427,48,135009,1,0,2,1
32,314586,770,731543,60,298875,0,3,2,0
30,489768,390,470661,60,480078,1,2,3,0
52,731111,829,248110,48,169737,0,0,1,1
36,742777,491,399345,48,467726,1,3,2,0
28,1236059,541,983702,48,410716,0,0,3,0
58,371033,437,464627,24,114360,1,3,0,0
32,1348993,644,755937,12,263894,1,0,3,0
44,1330392,479,328011,12,65018,0,3,4,0
48,475709,802,636789,48,397243,1,3,4,0
28,374023,502,195338,60,240904,0,0,1,0
48,1077611,491,875854,36,136817,1,3,1,0
56,747936,304,740568,48,192803,1,3,4,0
46,643945,536,551754,60,86984,1,3,4,0
28,1290547,610,695832,60,370127,1,0,2,1
48,218658,848,474429,24,290595,2,0,4,1
48,221253,355,712727,24,355887,1,3,1,0
57,379635,742,829518,12,333618,1,3,4,0
56,357462,536,609650,12,192608,1,0,1,0
47,410097,496,300449,36,12150,2,2,0,0
37,828138,813,363732,36,275550,1,3,4,0
29,1150162,748,219357,36,150853,1,2,1,1
53,862212,659,700971,36,188489,2,0,3,0
40,720498,329,830445,60,378191,1,3,2,0
33,1474634,407,255827,60,386115,2,2,1,0
48,857911,744,252918,12,365301,2,0,4,0
49,1058379,737,348451,24,18325,0,2,4,0
33,1428807,756,392424,24,199756,1,1,0,1
55,322775,794,463083,48,356559,1,0,3,0
26,1169211,546,892955,60,204541,1,1,1,0
38,877160,842,973882,36,402652,1,0,3,0
25,519972,738,790045,36,17669,1,0,0,1
45,468854,577,157669,48,389529,0,3,2,0
22,614600,410,782318,24,334154,0,1,3,0
30,371918,684,208998,36,207836,1,1,0,0
50,419055,490,677503,24,492290,0,1,1,0
25,934417,789,672995,48,132915,0,0,2,0
53,1230697,725,456396,24,196681,0,1,4,0
21,622355,704,667125,24,50812,1,1,0,0
38,1071877,634,954502,24,278203,1,3,4,0
52,1456715,508,991518,36,348413,0,2,2,0
31,280257,321,295847,12,252862,2,2,0,0
41,1024143,507,277544,60,171840,1,1,0,0
46,1255106,307,916304,24,25395,1,1,2,0
45,1117786,828,924168,24,282346,1,1,1,0
42,410545,465,317614,24,406489,1,1,0,0
47,728423,795,277467,12,442105,1,2,2,0
33,1124133,728,196025,48,229707,0,3,3,0
53,571616,462,809940,36,247181,0,0,4,0
54,975158,665,562177,12,204120,2,1,0,1
55,813375,825,929401,24,224839,1,1,3,0
21,1116383,538,665781,12,219882,1,2,0,0
41,479215,371,842955,12,103235,2,1,1,0
26,1268650,744,267995,12,45510,1,3,2,0
48,946084,808,762550,48,87945,1,3,0,0
37,1288477,568,343313,60,242802,1,1,2,1
25,473349,714,619929,36,250168,0,2,0,0
51,595807,544,204062,48,332793,1,1,1,0
25,778688,359,603949,48,368867,1,1,1,0
58,1404798,305,718779,60,2881,2,2,3,0
23,231852,706,850889,48,308057,2,3,1,0
43,1160374,516,904032,12,111860,2,0,2,0
57,577501,325,677907,12,346929,2,1,1,0
57,1305057,304,388246,24,458253,1,3,0,0
30,233691,831,607373,48,324601,1,1,1,0
30,594341,689,147064,24,166415,1,0,2,1
39,1446713,747,756014,36,455605,1,2,0,0
37,1246238,445,449346,12,471466,2,3,3,0
41,732726,687,680011,36,497705,0,0,3,0
34,996184,548,183114,60,139728,2,1,3,0
29,1304002,825,906566,12,267885,2,0,0,1
21,439968,761,879414,36,147733,2,3,3,0
33,488963,312,541638,60,359235,2,2,1,0
24,695384,683,901617,36,290834,1,1,0,0
21,1078483,698,607765,60,294977,0,2,0,0
60,721121,318,688449,60,102566,0,2,0,0
52,1403865,790,889141,12,71240,1,0,4,0
54,719165,718,734076,24,106898,1,0,2,0
48,419780,636,390281,60,339855,2,3,4,0
51,1346332,718,872450,60,450357,2,3,4,0
28,642632,421,189133,12,209304,1,2,4,0
59,1127091,731,713969,24,301167,0,3,2,0
46,1227557,343,347515,48,302353,0,2,4,0
54,1344241,616,815710,48,355734,0,1,3,0
23,1410578,680,395165,24,348756,1,2,0,0
32,1370808,444,464021,36,80522,1,3,0,0
21,1491627,626,320001,12,373798,0,3,1,0
25,1406123,662,716980,24,145512,1,2,3,0
50,612104,349,582465,48,119107,0,0,2,0
50,508449,364,473327,60,401176,1,2,0,0
37,733634,654,301842,48,22462,1,2,4,0
43,1261339,463,400722,60,279965,1,0,1,0
35,390237,440,664229,12,450988,1,1,1,0
57,1056047,427,832409,60,420474,2,0,0,0
41,629332,697,586114,24,92889,0,3,3,0
34,845275,762,719250,60,88952,1,0,1,1
22,1465399,486,394572,36,193596,1,3,0,0
31,1339929,489,560283,24,415331,1,3,3,0
59,421373,687,700332,12,380210,2,2,0,0
58,749844,728,763391,24,177505,1,2,0,0
54,1045474,583,562656,36,221576,1,1,3,0
58,571233,536,555350,12,481483,0,3,3,0
54,1424744,493,387164,48,219393,1,2,3,0
38,868590,586,579783,36,498149,1,3,0,0
50,1450617,435,78481,12,341508,0,1,1,0
35,233866,470,716627,60,332221,1,3,2,0
47,1353976,458,954329,24,302788,1,1,2,0
54,635071,500,811062,12,324787,0,1,0,0
58,1386064,786,187815,24,275455,1,1,0,0
53,796804,803,677763,60,254084,1,2,1,0
44,386987,670,754133,12,129466,0,0,3,0
35,611274,402,369186,48,30531,1,0,0,0
50,633934,424,99476,36,14588,1,2,4,0
37,494746,612,797465,12,311560,1,3,3,0
25,1437715,757,340696,60,143452,1,2,0,0
49,358588,529,770602,12,173717,1,3,4,0
24,1454311,496,488988,24,411034,1,1,1,0
30,323950,722,734308,12,161929,2,2,4,0
37,529638,470,257383,48,21711,1,0,0,0
30,800517,681,119093,12,136169,0,3,2,0
37,1353224,472,643411,36,378492,1,2,0,0
40,238547,752,66535,12,159465,2,2,2,0
44,753083,649,378634,24,284220,0,3,1,0
25,386368,793,620850,12,346418,2,1,1,0
54,745735,303,431186,48,319753,2,1,3,0
26,406402,392,306323,60,160389,0,1,3,0
22,954105,305,925512,12,497981,2,1,2,0
33,1049710,587,308916,12,58480,1,3,2,0
31,779365,445,763895,36,269188,2,0,1,1
43,312782,723,280063,48,464249,1,2,4,0
36,1239550,756,91269,60,250309,1,2,2,1
51,827220,501,130674,24,55486,1,1,2,0
31,1211316,511,878894,12,55162,1,3,4,0
36,643316,305,970631,60,210359,0,0,3,0
28,1434915,675,335291,24,29882,1,0,3,1
24,675595,746,488744,48,54078,0,2,2,0
60,1347272,405,651383,48,320878,1,1,3,0
24,250939,700,818460,60,238680,1,2,3,0
45,341521,395,774291,24,108730,1,2,3,0
23,1073093,687,140925,48,174898,1,0,1,0
52,1009178,751,640669,60,350129,0,3,0,0
23,783098,715,673756,48,306172,0,0,2,0
47,842650,803,292330,48,444547,0,2,2,0
49,676513,753,900181,48,98938,1,1,1,1
52,1394871,590,63731,36,118319,2,1,0,1
39,665453,833,436791,24,32543,0,3,0,0
41,921037,492,541874,60,124279,2,3,1,0
25,1335092,449,625312,60,29362,1,3,4,0
38,1323143,814,691000,24,420531,1,2,4,0
48,326498,692,151121,24,158818,1,2,0,0
42,902098,615,315976,24,403273,2,3,4,0
41,1221469,375,606620,24,242721,0,1,4,0
26,664894,569,62467,12,305059,1,1,4,0
21,484154,524,91025,60,414277,1,1,0,0
25,995219,829,194179,12,313514,1,2,4,0
32,339544,412,127994,48,165229,2,0,2,0
46,446183,550,144202,48,373519,0,1,0,0
54,878743,532,617769,60,142394,1,1,1,0
34,663001,382,445797,48,69812,1,1,4,0
46,1283094,424,649406,24,471058,1,3,3,0
47,253909,474,436154,12,296161,1,2,0,0
29,924984,368,494854,24,318936,1,3,1,0
46,1170834,346,698002,48,420958,2,3,2,0
42,715693,555,975922,12,228208,1,0,1,0
50,739570,329,798987,24,458024,2,3,4,0
37,439017,580,210185,60,391342,1,0,3,1
46,614994,536,134363,24,279773,0,3,4,0
56,1141768,547,960039,48,128614,0,1,1,0
21,652891,667,375188,12,401461,0,2,0,0
28,1276941,794,261027,60,96950,1,3,3,0
55,665982,324,323958,12,174942,1,0,3,0
35,641416,789,411484,60,488850,1,2,1,0
42,473146,793,322168,12,64829,1,0,4,1
34,1458870,613,768648,48,245602,0,1,1,0
46,1364795,674,945668,60,10588,0,3,3,0
48,1038574,324,632124,36,393658,1,2,1,0
43,780595,633,319579,12,367424,1,1,3,0
34,1384141,654,305095,12,496195,0,3,4,0
44,979383,415,907033,24,470555,0,3,0,0
22,512229,347,531632,60,302865,2,0,0,0
46,758516,398,311176,36,168217,2,0,1,0
34,935036,758,433015,48,272743,0,1,3,0
27,767760,822,299717,24,334738,1,0,0,1
23,1035869,704,708767,36,475958,1,1,3,0
43,1166920,513,935375,60,208502,1,1,4,0
38,1046143,802,82940,36,134011,1,1,1,1
58,1386464,747,579954,12,252856,0,0,3,1
55,277175,557,349266,12,284293,1,2,1,0
35,788595,420,955079,24,389760,1,1,3,0
45,1114634,353,206164,60,197639,1,2,3,0
57,295028,630,966185,60,141280,1,3,4,0
48,1390888,540,959834,36,197170,1,0,1,1
30,691450,829,256717,24,371178,1,0,2,1
59,1341069,782,413334,60,180564,0,2,3,0
37,325149,486,412612,12,20951,1,3,3,0
59,953704,561,965639,36,179992,0,3,0,0
42,1451011,663,76505,48,46766,1,1,1,1
46,363834,790,611001,12,319158,0,0,2,0
45,470403,730,497603,24,159423,0,3,4,0
37,1429787,538,879601,60,477432,1,3,2,0
33,1115207,603,254354,12,442602,1,1,4,0
40,517013,597,651799,48,87122,2,1,2,0
45,1113320,375,876954,48,271452,1,2,2,0
24,1311671,632,262204,24,321396,0,0,1,1
30,1366462,773,300694,12,468361,1,3,0,0
23,1057342,582,299836,36,488247,1,2,2,0
38,485711,371,808849,12,83211,0,0,3,0
56,1283868,562,935829,48,421280,2,2,3,0
42,1323389,311,578168,24,447095,0,0,3,0
54,821424,440,486670,24,126534,2,0,0,1
28,775919,316,617827,36,8720,2,3,2,0
60,209885,362,290056,24,388348,1,0,4,0
39,1433954,552,269057,24,436156,2,1,4,1
57,1052746,764,589087,24,79993,1,3,1,0
26,622381,675,557800,24,461691,0,1,0,0
46,1176433,819,154843,24,309257,1,2,2,0
54,660244,389,493942,48,311070,0,2,3,0
26,774100,474,98784,12,431419,1,0,0,1
57,905860,375,163034,60,219973,1,0,0,0
53,244900,699,484044,24,398608,1,1,2,0
42,601067,370,774886,60,25905,1,1,1,0
41,1002720,479,104362,60,204580,1,1,1,0
26,1321268,423,103997,48,50385,2,2,1,0
26,660796,680,231413,24,30653,0,1,3,0
24,1294979,592,462289,60,91865,1,3,3,0
50,995600,494,414543,24,477936,0,3,2,0
31,1204001,527,850981,36,125813,1,2,1,0
50,512023,730,893352,36,145871,0,1,2,0
51,1308447,735,790686,36,191175,1,1,1,0
44,1229127,760,518731,60,248535,1,0,0,1
29,691862,320,834752,36,15052,0,3,4,0
23,1280750,363,463532,48,137116,2,2,4,0
51,955111,464,207255,48,150943,0,1,1,0
60,423563,326,930292,60,220375,1,0,2,0
57,337653,610,598912,24,413450,0,2,3,0
56,310155,584,767875,12,21381,1,2,1,0
44,533997,580,809072,24,148346,1,3,1,0
51,1376371,463,528997,24,243234,1,1,3,0
26,288668,523,620993,24,481056,0,2,1,0
22,937685,445,663614,24,256017,1,0,0,0
40,869927,329,469972,12,345252,1,0,3,0
48,1179448,344,896822,36,235020,1,2,0,0
31,753091,770,118369,24,49892,1,0,4,1
24,873590,333,251893,48,181593,1,2,3,0
35,873222,726,321733,60,353645,0,0,3,0
26,1148763,520,687300,60,214992,1,2,2,0
50,1478723,833,981620,48,345535,0,2,2,0
58,1204949,666,909613,24,280064,0,2,3,0
22,755083,849,750146,12,278846,0,0,4,0
35,470914,415,800046,36,256216,1,2,1,0
31,562455,538,697999,60,496673,1,3,2,0
28,479713,634,126425,36,264038,2,2,4,0
46,1234586,740,997790,12,293129,0,1,4,0
25,1203429,447,546297,60,159359,1,1,2,0
26,764485,308,590282,36,258771,2,3,1,0
46,357584,587,161915,12,125702,1,2,2,0
24,1124220,687,435105,36,73527,1,1,4,0
39,491077,349,533414,24,146511,1,2,0,0
40,1224729,816,154672,12,390820,0,1,2,0
53,859738,577,863071,36,225692,1,0,4,1
40,574226,599,329349,24,304379,1,0,2,1
32,1359608,434,368821,24,158731,0,3,4,0
21,1455516,446,82930,12,287120,0,3,1,0
46,661552,789,123313,48,235311,1,2,4,0
34,1475303,777,799211,60,344787,1,3,3,0
58,273869,458,163153,12,198937,1,2,0,0
57,1069807,683,535725,24,369775,1,0,4,1
31,918675,462,854748,24,199378,1,0,2,0
56,402416,740,994808,12,56697,0,1,2,0
33,778533,488,282911,48,70382,1,2,4,0
23,767344,714,146058,60,278795,1,0,3,1
53,975024,638,137876,36,180116,2,0,4,1
26,630634,480,659654,12,14633,0,2,1,0
30,949971,587,587691,60,79164,1,1,3,0
25,696507,486,392196,60,262713,1,1,4,0
43,1231008,437,822838,24,453116,1,1,0,0
30,465972,429,311420,36,329653,0,1,3,0
22,1365232,493,527843,12,123425,1,0,4,0
33,1265663,615,385639,24,363270,2,2,0,0
60,336554,443,213004,24,250220,1,2,4,0
22,685757,315,408234,48,389666,1,0,1,0
40,382024,601,348845,60,295182,1,0,2,1
21,1385111,722,446601,12,180160,1,0,4,1
57,967524,544,826684,12,204249,1,3,3,0
29,495767,406,631529,12,205538,2,2,4,0
37,235634,387,715727,24,465432,2,2,4,0
29,576742,428,115030,48,197865,1,2,4,0
31,511478,640,751865,36,467002,1,1,4,0
35,1055080,303,214404,24,300282,2,0,3,0
44,746495,626,257397,36,456526,1,0,3,0
58,673866,709,529702,48,421973,1,0,4,0
55,805842,605,468779,60,201466,0,3,2,0
50,807564,524,155185,12,472243,1,2,4,0
51,1177022,647,86404,36,484046,1,0,3,0
25,908140,620,105182,24,187223,2,3,1,0
34,392512,480,345135,36,372884,1,0,4,0
31,1161703,685,678889,60,111174,0,1,4,0
29,391420,407,753023,12,311416,1,2,4,0
54,910644,830,902318,36,137980,2,3,4,0
32,1451772,709,696290,60,404060,1,0,0,1
55,1448495,595,395992,24,313599,0,2,4,0
55,457324,470,991631,48,496381,0,3,3,0
21,919449,630,894124,24,68447,1,2,3,0
60,1067780,792,275461,12,205599,1,2,0,0
42,630599,494,873932,24,339252,1,1,4,0
49,575960,311,870217,24,436282,0,2,2,0
28,934042,494,658434,24,226301,2,3,4,0
31,847341,789,538195,24,433220,1,2,3,0
57,1432541,481,622285,12,300477,0,3,1,0
34,1415468,615,581458,60,383363,1,2,1,0
50,334832,329,194375,36,345173,1,0,2,0
55,1401838,395,383887,48,301841,0,1,4,0
41,267411,680,521068,36,279778,1,0,0,0
57,485521,743,85187,36,387664,0,1,4,0
25,1187073,597,770394,48,286705,1,3,2,0
39,1286787,660,707253,12,411249,1,1,2,0
34,413981,673,719113,48,466103,1,2,2,0
46,465888,602,88090,12,55063,1,2,1,0
24,980926,720,519984,36,288065,1,0,4,0
45,487139,545,895844,12,19340,0,1,4,0
45,758830,536,827766,60,62781,2,3,0,0
38,210651,833,368174,48,277045,2,3,2,0
60,1347815,484,591797,60,10638,0,2,2,0
28,1065363,767,118653,36,431812,0,3,3,0
59,1088544,662,742289,48,217986,0,2,3,0
60,637625,582,441770,36,306468,0,2,1,0
34,1403954,635,316186,60,350500,1,2,4,0
52,1398734,461,243646,36,221668,1,0,0,0
58,533569,459,349345,48,294786,1,0,0,0
53,696574,773,797642,48,25378,1,2,2,0
43,629852,621,588304,36,313011,1,2,0,0
35,644865,311,337166,48,335830,1,2,2,0
53,455948,723,806322,48,305019,0,3,4,0
45,1061069,372,602226,36,118171,1,2,0,0
37,1056626,500,224750,60,482811,1,2,2,0
53,1063349,821,954603,48,362205,0,1,4,0
22,264200,804,310710,48,214801,0,1,4,0
34,1354424,338,282320,48,64377,2,1,2,0
60,306022,359,898152,48,260339,1,1,2,0
60,901979,620,417658,36,54691,1,2,1,0
59,980741,734,762165,60,486553,1,1,4,0
26,1310644,707,707346,60,457519,1,3,2,0
26,670529,685,126478,12,454055,1,3,4,0
23,1086364,377,455377,48,311207,0,1,0,0
27,361445,493,988193,48,91782,2,0,3,0
28,1385679,584,177101,12,259896,1,3,3,0
35,424605,826,406843,60,78343,0,3,2,0
49,403047,823,766284,24,345215,1,1,2,0
53,1009217,455,544527,24,398708,1,1,4,0
50,449768,639,411417,60,121399,0,2,2,0
59,884029,424,779668,48,31357,1,3,4,0
47,1343051,579,806488,24,465054,0,1,2,0
56,710370,427,638033,36,294458,2,1,4,0
49,726570,613,182283,36,441913,0,2,2,0
58,889984,631,443445,12,70283,1,3,1,0
53,420972,449,431116,60,59567,2,1,4,0
57,1411353,753,491758,60,309150,0,2,1,0
47,408944,335,981849,24,453227,2,1,1,0
53,1192382,719,151489,48,237778,2,0,1,1
24,1485016,321,606107,60,141758,2,0,1,1
42,928342,505,97779,24,430665,0,1,0,0
22,207461,655,787781,24,61606,1,3,3,0
30,996948,739,404388,60,281035,1,0,0,0
25,672501,395,639872,24,445331,2,2,2,0
30,1397162,463,463166,12,101732,0,1,2,0
53,1246161,447,720533,12,191791,1,2,3,0
58,583395,829,298815,60,488680,1,0,3,0
33,694178,593,894464,48,466246,0,3,3,0
51,431496,494,427218,12,429939,1,2,1,0
56,892148,779,411417,12,292021,1,0,0,1
44,760315,422,864468,60,249465,1,0,2,0
35,1079979,699,304957,36,224589,1,0,0,1
49,373921,751,645644,24,14026,2,2,0,0
28,873218,403,195364,12,282566,1,0,0,1
25,803291,761,577340,36,402460,1,1,3,0
49,907755,695,356521,48,295625,1,0,3,1
24,764046,636,248910,36,351324,1,1,2,0
32,516456,441,379963,60,109384,1,3,2,0
22,1234262,616,950121,48,252771,2,1,2,0
47,282279,826,196692,48,58031,1,3,0,0
51,215434,700,80461,36,401737,1,3,3,0
56,919407,609,857182,60,394962,0,1,1,0
56,640991,794,59472,12,345271,0,3,0,0
46,537913,408,905695,36,354398,1,1,4,0
47,528821,671,162036,12,68232,0,2,0,0
25,283555,505,238674,36,143084,1,3,3,0
40,376806,342,337667,12,342368,1,1,4,0
31,633819,544,736126,36,416673,0,3,0,0
30,1199430,586,939694,48,463788,1,0,3,0
60,268803,654,640348,24,236503,1,1,3,0
58,1007744,775,321223,48,292104,1,0,1,1
26,948736,382,713759,12,495238,2,3,0,0
28,899539,409,372870,60,87695,1,3,3,0
43,445404,489,405050,48,130066,1,2,2,0
46,842249,550,328676,24,138982,2,1,3,0
32,217297,590,959121,12,264837,1,0,1,0
46,988443,500,525573,48,115313,0,2,3,0
33,1368810,625,93162,36,409074,0,3,0,0
60,768302,810,971253,60,28810,1,3,0,0
38,1129242,708,323497,12,20092,1,2,4,0
45,1427146,807,162313,48,481995,1,0,0,1
53,983152,371,78477,12,441916,1,3,4,0
60,997552,546,729930,36,58105,1,3,2,0
32,711603,643,136373,24,161577,2,1,1,0
56,815863,353,978941,48,204300,1,2,2,0
24,1243659,827,743464,12,290699,0,3,4,0
25,707365,831,768730,12,71934,2,0,3,1
57,1397086,492,578839,12,72788,1,1,3,0
28,1428163,357,118359,24,339401,1,2,2,0
48,1222788,736,498096,12,280083,2,0,3,1
51,1028791,410,193988,60,405041,1,3,4,0
29,560890,428,176150,60,484003,1,2,1,0
49,949122,625,523919,12,495707,1,2,0,0
34,845194,307,746805,60,155223,1,0,4,0
60,401260,328,359780,48,128068,1,2,4,0
42,977881,411,517143,60,36,1,0,0,1
31,1033525,430,866117,12,356092,1,3,0,0
43,1451775,487,887566,36,345851,1,1,1,0
21,576794,774,401060,48,39051,0,0,1,0
57,1136197,663,157967,24,491513,1,1,1,0
41,583100,503,144455,12,80738,1,2,3,0
46,315598,511,833123,24,335740,1,0,4,0
56,450100,575,511063,36,60071,1,3,0,0
43,982877,372,225405,24,130613,1,0,4,0
21,908521,542,289646,12,73601,1,0,4,1
60,976676,401,239937,12,29873,1,0,1,0
35,333241,470,522312,36,167720,2,1,1,0
41,1401700,487,886188,12,71468,0,1,4,0
29,1453499,740,435007,36,288614,2,2,1,0
29,208036,385,111192,36,196201,0,2,3,0
30,1145238,775,241758,12,8328,0,2,0,0
46,1402821,351,885165,60,137405,2,2,4,0
55,1183825,410,285161,36,251519,0,0,0,0
45,402747,342,862425,12,121173,1,1,3,0
46,743088,510,735852,60,46638,2,1,1,1
31,1050350,499,726341,36,273412,2,1,2,0
58,1132477,325,336287,60,201675,2,1,3,0
22,955600,598,765637,48,113920,1,2,2,0
27,1308076,376,157044,48,372523,1,0,0,1
38,367647,436,555173,60,410261,0,1,4,0
47,436527,319,231062,36,171813,1,3,1,0
54,635477,739,702694,12,481522,2,0,3,0
47,752004,510,506104,24,435986,1,3,1,0
37,202352,850,119351,12,7887,1,0,2,1
44,333004,734,540588,24,491934,1,0,2,0
45,1062881,506,755359,24,228978,1,0,4,0
27,986261,738,284085,36,498370,2,3,2,0
26,860858,341,808171,60,24918,0,1,4,0
44,931478,710,548095,12,297641,1,1,3,0
53,250098,822,120309,60,355706,2,3,4,0
49,1181890,726,979950,48,192081,1,1,2,0
42,574313,574,736093,36,274073,0,2,0,0
46,864929,747,169156,36,102201,1,1,4,0
48,447199,668,388144,48,454978,1,2,1,0
41,326060,519,491848,12,493689,0,2,0,0
27,1436530,531,71576,48,210171,2,2,4,0
37,330544,627,577608,12,378710,1,3,1,0
40,724628,742,716110,24,290690,2,1,0,0
40,899309,351,677290,36,209496,2,1,4,0
42,806590,675,234535,12,168410,1,3,3,0
48,1179947,562,76572,60,427499,0,3,1,0
60,947028,566,330092,60,82494,1,1,3,1
27,667243,658,570114,36,471386,0,3,2,0
21,724426,616,690816,48,215859,2,3,4,0
52,593574,623,744186,48,308710,0,2,4,0
33,668466,720,139051,12,347608,1,3,1,0
50,1071808,345,864299,48,233853,1,2,4,0
43,356951,568,241303,36,128279,1,0,2,1
39,1067964,680,796716,12,81991,0,2,4,0
52,1042210,417,831700,24,354824,1,2,0,0
50,762060,415,253305,48,290157,0,3,3,0
49,1307054,559,356822,48,52132,0,1,2,0
49,751050,374,943993,12,255069,1,0,2,0
50,1392931,779,849395,60,480628,1,0,3,0
36,894780,604,507576,48,485714,1,0,3,0
60,1042000,306,623722,36,159156,1,1,2,0
39,1071522,665,116617,48,369999,1,0,3,1
38,1043601,822,987773,24,152215,1,0,1,0
21,799253,647,691857,48,91627,2,1,3,1
34,377912,737,781672,60,122772,0,0,0,0
22,375767,514,933784,48,407395,1,3,0,0
48,436281,728,916164,12,229415,2,3,1,0
50,284754,797,560874,48,451942,2,2,3,0
58,802276,839,419792,60,141294,0,2,0,0
24,707732,666,131494,12,453181,1,2,4,0
21,350023,612,794265,36,259013,1,3,3,0
28,280388,837,651513,12,326212,0,3,1,0
49,439779,353,132867,24,417165,2,3,3,0
59,1078453,840,218600,12,16116,1,2,2,0
23,1104850,766,829957,36,182124,1,2,2,0
52,406846,463,915404,48,51369,0,2,0,0
30,894335,633,508818,12,179889,1,2,2,0
30,1235354,846,932693,12,365244,1,2,1,0
39,1380788,647,665036,12,233982,2,2,0,0
54,988140,572,304265,12,214275,0,3,1,0
53,1407956,713,569493,36,205383,0,1,1,0
43,1293365,799,214404,60,291799,1,1,2,1
48,226086,392,960913,60,188874,0,2,2,0
52,731972,378,703817,12,47632,1,1,1,0
27,1339664,516,534353,36,407409,2,1,2,0
49,594423,657,314395,36,211284,1,3,2,0
28,790381,806,935540,12,161848,2,2,2,0
21,1409337,480,732387,24,436441,0,2,3,0
23,1035083,545,147382,12,191082,0,1,1,0
44,1373650,543,529767,24,213807,0,2,4,0
43,1089497,805,59583,12,196523,1,2,1,1
28,330351,721,624675,24,179884,2,2,0,0
57,238635,619,335248,24,473818,0,2,2,0
23,1173619,386,586512,12,281039,1,1,2,0
53,1343647,516,897056,24,458998,1,0,4,0
48,1195909,789,499274,48,414425,2,1,0,1
28,1064950,818,940752,60,235892,0,3,3,0
54,1090083,577,277444,36,213408,0,0,1,1
55,797093,468,996803,24,242718,0,0,3,0
52,621280,629,390716,24,192879,1,0,0,1
44,1109245,740,921901,36,23086,1,1,4,1
34,541207,690,914360,24,85637,2,3,0,0
52,1430746,795,516690,36,475243,1,1,4,1
36,393226,680,316285,12,158279,1,3,3,0
24,1392639,605,728710,48,369478,1,1,3,0
57,792632,812,518298,48,151969,0,1,0,0
41,760881,487,907303,60,63083,1,1,0,0
34,760592,815,186149,24,95028,2,0,2,1
51,1362189,726,620303,60,329101,2,1,4,0
38,614299,801,221929,12,97551,2,3,2,0
27,484334,559,806556,48,340650,2,3,1,0
30,621614,812,240912,12,138355,0,3,1,0
27,1431619,370,896334,12,94024,0,0,0,0
53,1399151,777,55577,24,343625,0,1,3,0
43,325438,477,856434,12,262399,1,1,1,0
41,1222892,756,100711,48,207627,0,2,1,0
39,994448,488,613739,60,15487,1,0,2,0
39,464528,590,543027,48,19346,1,3,2,0
56,1441968,819,754463,24,297194,2,3,1,0
49,608288,591,471863,48,270888,1,1,0,0
38,302239,582,609119,36,417972,2,3,2,0
22,835719,843,299402,60,61596,0,1,1,1
21,904293,676,805664,36,214469,0,1,3,0
25,1008258,455,932930,36,418362,1,2,2,0
40,530170,807,965381,24,381784,1,0,1,0
31,321668,712,294942,12,317176,1,1,4,0
22,966988,827,145119,36,304831,1,1,2,0
23,748333,654,903262,48,177175,1,1,4,0
43,381948,486,392776,12,153048,1,2,2,0
32,685662,330,873265,48,325007,1,1,2,0
40,814390,559,817754,48,393807,1,0,4,0
25,514063,720,798224,12,6277,1,0,0,1
57,1406751,828,860830,12,324004,1,3,1,0
58,449877,850,635842,48,133332,1,0,0,1
50,1153692,603,100755,24,240515,0,3,0,0
29,1385493,338,985210,60,260577,1,0,1,0
54,417770,788,203412,60,196955,1,3,3,0
55,842613,841,901426,24,286885,1,1,0,0
42,877673,577,638172,12,381864,1,2,0,0
44,1144447,502,920793,48,299355,0,2,0,0
37,540093,365,591770,60,240464,1,2,3,0
30,1222145,407,104225,48,258445,1,1,2,0
50,805730,567,239921,24,434758,1,2,4,0
43,1298423,521,649142,48,269013,1,0,4,0
52,1307229,829,615544,24,486834,1,3,3,0
37,518766,389,290617,12,349760,1,1,0,0
37,1326418,554,158721,24,457948,1,2,4,0
34,472647,754,655398,24,94515,0,0,3,1
29,284761,552,163606,60,150494,1,0,1,1
60,998022,556,588938,48,166685,0,1,4,0
22,866246,682,227190,60,188088,0,1,1,0
45,1130370,741,78930,36,60110,2,2,0,1
59,528768,389,791067,24,219601,2,3,4,0
29,888152,689,310102,36,208994,0,2,3,0
42,602980,343,412544,60,296177,1,2,2,0
24,1238336,318,323945,48,307357,0,1,4,0
46,981198,400,625648,60,260705,1,2,4,0
49,1368932,656,924340,48,455209,2,2,4,0
54,1465804,841,197631,48,12938,2,3,4,0
43,242727,332,344478,12,130842,1,0,3,0
57,540615,528,286545,24,469911,1,0,3,0
31,841211,823,63288,60,264418,1,3,2,0
26,634376,454,727758,48,346534,1,0,3,0
38,211390,722,257302,60,425031,2,2,3,0
41,831040,545,848623,60,469234,2,3,0,0
56,1137635,704,330195,48,150033,1,3,0,0
58,1169831,840,111715,36,20044,1,1,1,0
54,949078,460,60737,24,99372,1,0,2,0
37,221281,416,639428,24,415191,0,1,0,0
57,254189,570,730611,12,276850,2,2,2,0
45,462093,786,232047,12,137046,1,3,2,0
58,562462,471,317291,12,338608,1,2,4,0
32,594597,573,624796,24,21213,1,0,2,0
43,1006242,558,364368,36,1950,2,1,4,0
42,1497991,434,331787,24,254043,0,0,1,0
41,879682,721,351111,24,216085,2,2,1,0
47,1290445,720,153535,24,272555,2,1,1,1
51,757243,485,877165,24,390747,2,0,4,0
26,210207,663,346952,36,480447,1,2,4,0
47,418401,677,562438,12,439372,0,0,1,0
60,1185132,822,772648,60,324888,1,3,4,0
54,359292,495,633247,12,148843,1,1,3,0
32,696762,397,445065,12,463026,0,1,3,0
27,1453733,321,380322,60,297197,1,1,4,0
30,1270607,749,772496,24,248966,1,3,4,0
37,663937,471,241812,36,445292,2,1,0,0
46,1067239,682,162255,36,138117,0,3,0,0
41,795600,433,660610,12,319767,1,1,2,0
48,784054,725,880997,60,29714,1,0,2,1
22,1392097,324,987687,48,165458,1,0,2,0
21,551977,802,558522,24,371427,2,0,1,1
56,387771,484,51132,12,270706,1,0,3,0
46,437199,384,743619,36,317192,2,3,1,0
49,1198757,443,801972,60,355439,1,2,4,0
41,960129,711,900100,60,12026,1,2,0,0
31,835329,523,309427,12,106147,0,0,4,0
60,840473,519,481779,48,31589,0,2,4,0
31,377164,478,535443,36,108199,0,2,0,0
56,951518,732,683123,12,359418,0,1,4,0
59,713313,564,192003,48,288988,1,3,2,0
60,1242726,728,832516,60,416663,0,0,0,0
55,1317063,715,647457,24,352559,0,2,4,0
54,348694,752,310529,36,208574,2,2,2,0
44,323853,496,493855,36,214340,0,0,2,0
42,435062,352,303608,48,54708,1,1,3,0
25,433077,779,808673,12,457141,0,0,2,0
53,1087516,742,764261,60,70825,2,1,1,1
56,1272358,629,674705,48,51574,2,2,0,0
40,854224,550,575332,24,347692,1,3,0,0
39,353245,422,227763,24,412028,1,1,0,0
55,1370834,686,281807,24,232409,0,1,4,0
37,654418,638,74363,48,186381,2,0,4,0
54,478710,647,358838,60,64230,2,2,1,0
29,862550,328,444798,36,434844,2,3,2,0
46,1206111,334,857733,12,254451,1,0,4,0
22,762621,817,386473,36,302725,1,0,2,1
29,813859,695,51620,60,247174,2,3,2,0
29,1368839,593,374368,36,439844,1,2,4,0
60,200159,648,499871,48,219700,1,3,4,0
37,1198413,446,145419,24,287249,0,0,1,0
21,1411569,366,742894,60,341974,2,0,3,0
45,567003,819,956482,60,331301,0,1,0,0
60,1395885,421,546712,36,425658,0,3,4,0
45,1356083,639,776989,48,349379,1,3,4,0
59,1263319,474,892288,36,246514,1,3,2,0
55,1294677,750,230324,36,264491,1,0,3,1
23,1491293,435,367953,60,226094,0,2,4,0
57,845822,315,596547,36,309794,0,0,3,0
50,1479180,632,70655,24,148182,1,1,0,1
58,1436026,494,999133,36,193242,2,0,2,0
54,536907,795,991114,24,398139,2,0,1,1
32,687030,308,500400,60,182873,1,0,0,0
39,605453,633,71602,48,455987,2,1,3,0
57,871009,632,922377,24,124926,1,3,3,0
37,368785,626,716470,48,81147,1,2,0,0
30,404535,314,973577,48,310279,1,2,3,0
32,900769,525,937278,24,19199,1,1,1,0
36,379838,724,392962,60,402282,1,3,1,0
44,770442,707,977699,12,363727,1,3,3,0
39,469160,412,575825,48,183208,1,1,3,0
28,672779,727,460354,48,354434,1,0,1,1
51,641904,300,830498,60,429791,0,3,3,0
41,1076110,565,751562,60,220868,1,2,4,0
37,1098488,790,221236,36,120787,0,1,2,1
43,778526,507,962977,60,439949,0,2,4,0
57,520752,668,139743,48,114427,1,0,3,0
36,1496220,605,497875,24,148063,1,1,3,0
26,1037393,311,136155,12,153625,1,2,2,0
28,1448351,644,956630,36,220782,1,2,3,0
45,1162261,764,992349,24,87493,2,0,2,1
38,1140240,793,139846,12,393850,2,1,1,1
45,1014422,667,808795,12,488633,2,3,2,0
32,1311127,719,342706,12,274915,1,3,2,0
35,934983,470,864468,24,125607,1,2,4,0
46,366277,433,766112,36,246834,2,0,3,0
46,1238660,726,910665,36,411514,1,2,1,0
52,280811,324,657337,12,79876,0,0,0,0
30,979128,829,289647,24,492108,1,3,2,0
36,1041535,489,380825,12,167071,0,2,0,0
27,1159131,440,339962,60,202959,2,2,3,0
37,434104,614,998048,36,321792,1,0,2,1
43,402346,743,898964,48,455884,1,1,0,0
46,384456,618,369849,12,462590,1,0,4,0
41,336643,740,594392,60,460725,1,1,0,0
42,1362126,391,436480,36,243722,0,3,4,0
27,684146,478,702192,24,496564,1,2,1,0
34,1160652,355,906035,36,337927,1,2,3,0
35,291218,454,676787,24,44440,1,0,0,0
27,1381872,410,895457,24,31655,1,0,2,0
29,1428343,436,801624,12,43039,0,3,3,0
28,1107211,531,868749,12,317399,0,3,0,0
43,1488592,767,474632,36,72219,0,1,2,0
49,232441,780,223084,60,186061,1,3,2,0
38,1486614,367,574156,36,273388,2,3,2,0
51,894489,548,942017,48,94594,2,3,2,0
50,955612,622,511261,24,320739,1,3,0,0
59,244760,817,726760,24,170623,1,1,1,0
55,1247159,731,360414,12,194302,1,3,4,0
38,485622,786,253141,60,366042,0,1,4,0
59,867540,728,693703,12,290515,0,0,4,0
37,298538,568,493049,48,462574,2,2,1,0
34,1016228,836,244716,36,159950,1,0,2,1
51,1175776,447,654494,36,167229,2,3,2,0
44,711511,417,381612,60,5914,1,2,3,0
55,1469611,666,240545,12,214772,1,3,4,0
54,1085258,365,481544,12,289324,0,3,4,0
23,582736,669,480000,48,396904,1,0,2,0
57,778328,474,73723,36,342363,1,3,4,0
60,1061789,794,897078,12,340760,1,0,2,0
46,567570,413,771615,60,227561,0,3,2,0
43,467986,410,574362,36,403132,1,1,2,0
59,656331,738,829533,48,187435,0,2,0,0
35,1003940,446,338642,60,95213,1,0,0,0
24,353077,334,770882,24,420576,1,0,0,0
49,1303151,608,671169,48,37805,0,2,0,0
42,618815,837,463757,60,406669,0,0,1,1
45,680808,313,620217,12,126599,0,2,3,0
33,973422,673,173199,24,153775,1,1,3,0
38,791343,727,281525,48,190093,0,3,2,0
53,830527,532,338172,12,74176,1,1,4,0
36,435469,739,79545,24,94799,0,3,0,0
22,1371682,801,653857,36,98385,0,2,3,0
55,991787,574,81673,12,235654,2,1,3,0
54,667835,375,474190,60,474830,1,3,0,0
50,500486,738,502115,48,88919,0,2,1,0
33,202257,588,466313,24,474288,2,3,1,0
33,1360291,839,938943,12,400626,1,0,3,1
38,1275230,552,405288,36,81462,2,0,1,1
52,543567,425,376968,48,179340,1,2,0,0
52,491464,476,73525,48,165320,1,3,3,0
55,745096,336,632092,12,31159,2,0,0,0
59,776677,709,196115,36,42039,0,1,1,0
49,688906,426,616134,24,232974,1,3,0,0
49,318581,782,127261,12,47800,1,3,1,0
36,1376503,467,807600,24,302905,0,0,1,0
30,1283349,593,550827,48,94626,0,0,0,1
50,538540,642,234100,24,479319,0,2,1,0
45,701590,609,865915,36,118368,1,3,2,0
59,1463340,827,57265,60,174735,1,1,0,1
40,1072328,839,859195,36,80903,1,0,2,1
25,815175,718,256724,24,433628,0,3,0,0
21,1370694,743,65733,12,118998,1,0,1,1
50,1213539,535,948628,48,241324,2,2,1,0
23,1403202,738,665326,60,428583,1,3,3,0
34,1048923,513,349564,12,399029,1,3,3,0
50,1494315,384,714607,12,322038,1,2,2,0
24,678356,384,991344,36,233229,1,1,1,0
38,479067,788,508365,24,313588,1,0,3,0
57,516480,364,71058,36,427485,2,2,1,0
45,536227,363,296301,24,61748,1,3,0,0
21,1489467,642,347073,36,41190,2,2,3,0
35,364074,651,212434,12,40318,0,3,2,0
29,673314,457,660777,48,168090,1,2,3,0
35,488816,790,658952,24,124078,0,1,1,0
44,990645,762,752716,60,39759,1,3,4,0
24,1389941,524,127597,60,278642,1,2,4,0
32,1217481,612,842473,12,25989,0,1,1,0
57,262507,765,128209,36,495926,0,1,0,0
57,1305710,387,832397,36,156640,2,0,3,0
26,333172,602,242941,12,379179,2,3,4,0
59,441225,734,726419,60,328721,1,0,0,1
44,393069,434,674152,60,367375,1,1,1,0
31,1014604,349,198620,36,161171,1,0,0,0
33,1006564,731,458294,24,352044,1,0,1,0
54,1422613,639,448635,48,433855,2,2,3,0
45,696013,646,216562,24,366823,0,0,0,0
27,494025,646,257158,60,285626,1,1,3,0
24,937954,544,689446,24,331356,1,0,0,0
28,1010904,408,997841,48,448477,1,3,1,0
40,907173,832,51468,24,480533,1,2,1,1
49,955728,389,336453,24,292192,1,1,0,0
30,516275,595,122255,24,396281,0,0,1,0
54,879447,411,832366,24,395252,1,3,2,0
46,1261404,476,918331,12,35814,0,1,2,0
23,1179114,642,603006,60,190766,0,0,3,0
26,1083096,400,275409,48,410140,0,2,2,0
25,716835,700,289967,60,391637,1,0,2,1
25,856761,327,743201,12,60204,1,1,4,0
43,1001625,836,788925,12,32844,1,1,4,0
29,1472037,357,418697,12,248827,1,1,4,0
55,638080,797,886713,12,245256,1,3,4,0
40,481755,596,425595,24,344087,1,0,1,0
55,899151,433,297113,60,21518,1,0,3,0
38,538384,630,837199,36,410275,1,0,3,0
37,1488295,548,447111,48,23052,1,2,2,0
44,932763,849,632314,12,256346,1,3,3,0
23,1041675,374,954574,60,69803,2,3,2,0
52,466010,467,617256,12,71524,2,2,3,0
55,887605,802,745457,12,224582,0,3,0,0
58,1115113,654,458548,12,351716,0,2,0,1
33,795642,524,195693,12,401896,1,1,3,0
45,1299950,830,651158,12,67021,1,1,1,1
29,314397,445,592462,48,211321,0,3,2,0
24,448552,540,960789,60,282187,2,1,3,0
34,586721,643,935621,12,2419,0,1,2,0
57,623332,334,614790,12,187964,2,1,4,0
54,492575,300,348818,12,121831,1,0,3,0
31,229336,452,611548,12,244688,1,1,1,0
23,1027424,728,772969,24,101799,0,0,4,1
48,1303926,807,754824,24,410356,0,2,3,0
49,710470,425,646093,36,436700,1,2,0,0
29,1309816,790,245991,12,194941,0,2,3,0
23,875453,781,833924,36,176282,1,2,0,0
45,1150991,644,235541,48,319744,1,2,0,0
54,381196,520,67194,36,378611,0,1,3,0
32,515014,324,732171,60,340641,0,1,3,0
29,1433202,827,908809,24,108611,1,1,0,1
35,876296,481,705152,24,137559,0,2,2,0
60,579039,798,568953,12,322836,0,2,4,0
45,728714,341,618011,12,62112,1,0,1,0
25,944199,780,281408,48,424326,2,3,3,0
31,1014038,738,518451,48,239040,1,1,4,0
54,641048,701,292113,60,278504,0,3,4,0
44,752439,845,126298,12,442626,1,2,2,0
35,473452,644,633526,12,233451,2,2,4,0
58,440853,344,309425,48,221490,1,2,3,0
28,978883,320,679721,48,345182,1,3,4,0
25,376743,369,560609,48,466383,1,0,3,0
46,1338882,347,157092,24,265161,1,2,3,0
38,949468,790,314291,36,348405,0,0,0,1
26,1093416,850,279991,36,191196,1,0,2,1
57,292769,586,350589,12,247418,1,1,1,0
33,1335841,309,759163,24,221370,2,3,0,0
48,1017563,841,242180,48,444165,1,2,1,0
25,1301004,573,680458,12,189340,0,0,3,0
33,827835,680,969517,24,66320,1,3,0,0
37,960278,628,397761,60,486772,1,3,4,0
60,1297643,778,263482,24,235067,1,2,4,0
52,1176089,314,889934,12,212373,0,1,1,0
49,962371,815,691404,36,293271,1,1,3,0
23,1360793,490,874187,48,396412,1,0,1,0
60,342980,467,714093,60,337232,1,1,2,0
54,702367,820,845911,24,434516,2,1,4,0
60,536851,436,649649,12,180786,1,1,0,0
47,409329,453,726664,12,294065,1,3,0,0
33,457354,687,478910,48,266890,1,2,0,0
53,1309791,508,174232,12,330679,1,3,4,0
26,511573,571,942018,12,65350,1,3,3,0
44,1418106,442,131171,48,181417,2,2,4,0
39,377241,368,426295,60,240678,1,3,4,0
36,338731,546,136296,36,442436,1,0,0,1
60,653830,560,190562,36,343275,0,0,4,0
48,964265,378,202324,24,22063,1,3,0,0
53,539384,824,548506,60,117116,1,1,3,0
33,313688,629,712222,24,464952,1,3,2,0
45,508617,488,291535,36,496916,2,1,0,0
56,1083194,394,382103,48,351057,0,3,1,0
47,944748,307,453666,12,341090,1,0,2,0
58,1093388,366,368166,36,177043,2,1,3,0
27,580596,795,833258,60,134670,0,0,2,0
25,1112743,490,898423,36,10564,1,3,0,0
51,934275,665,221999,60,242124,1,2,3,0
43,1497819,820,805737,60,227506,0,1,1,0
30,1234186,416,361997,60,311869,1,1,0,0
52,798506,566,81826,24,86134,2,3,0,0
50,1444992,784,879311,48,105940,0,3,3,0
59,756718,808,762625,36,453156,1,1,3,0
51,223091,597,646649,48,62085,1,2,2,0
38,1324027,463,290028,12,17862,2,3,1,0
56,1225592,675,390134,36,272409,0,3,2,0
22,218990,567,401931,48,140777,1,3,2,0
34,552414,848,267256,48,186351,1,2,0,1
33,1066792,373,90736,12,62471,1,1,3,0
49,450541,807,336674,60,91080,2,0,0,1
32,1022513,372,259124,36,473050,2,3,1,0
59,866393,607,228130,36,456195,0,2,2,0
22,324932,498,680368,12,317972,1,1,1,0
52,1239955,429,517310,60,491422,1,1,3,0
33,468083,786,386399,36,379028,1,2,3,0
47,1361576,450,710246,36,108007,1,3,4,0
37,759351,505,438742,36,46104,1,0,1,0
60,693216,478,274793,60,40934,1,3,0,0
51,882405,496,692911,12,254606,2,1,1,0
54,1033550,388,349531,36,376564,0,0,2,0
44,1333279,733,726935,48,6050,2,3,3,0
55,695164,482,686548,60,175024,1,0,3,0
26,489220,508,482859,24,479786,1,2,1,0
39,1444453,792,977604,12,270628,2,3,1,0
50,681725,429,503572,48,324792,1,1,1,0
27,1025553,312,451072,36,322089,1,1,2,0
30,1017865,405,481385,24,184750,1,0,2,0
52,767597,674,996308,12,31323,1,2,0,0
54,1053900,398,741150,60,86332,2,3,1,0
48,637470,491,343132,24,356749,2,2,0,0
35,1155357,624,553195,24,480579,0,2,4,0
50,1024837,766,388592,48,255540,0,0,2,1
57,1184156,666,425574,12,254547,1,0,3,1
49,1063659,617,793264,48,428577,0,3,4,0
42,1117996,443,510522,48,272459,1,1,3,0
24,948778,683,979809,36,310112,0,3,4,0
40,339883,515,715329,60,157591,1,2,0,0
52,1403920,660,324548,24,271251,0,0,0,1
56,1211439,623,452205,12,55781,1,2,2,0
24,947852,314,508521,60,266013,1,0,3,0
47,1356618,516,479199,60,343127,1,1,4,0
37,1302686,791,815644,12,420586,2,2,1,1
32,1393627,846,220534,60,455911,2,0,1,1
42,963461,482,331504,36,453638,1,3,2,0
37,228328,569,922089,60,7971,0,3,3,0
30,837199,766,469503,36,358949,2,3,1,0
21,1307810,818,246544,24,254927,2,2,2,1
42,1012283,841,296512,24,287795,2,0,2,1
46,1017711,766,814325,48,319118,0,0,3,0
38,1475711,604,84160,36,494509,2,0,1,1
34,1001881,443,318933,24,23446,1,2,1,0
49,538365,410,208253,60,257419,1,0,1,0
32,1075512,531,719745,12,169180,2,1,0,1
56,1335754,799,919029,12,468395,0,2,1,0
55,1485138,572,115641,36,3823,2,1,4,1
32,585893,472,880679,48,144526,1,1,0,0
27,1372341,306,660961,60,135004,2,3,0,0
49,1148377,454,281322,36,403436,1,2,0,0
31,328389,821,317688,12,205162,2,0,0,1
53,913987,845,821143,36,67965,0,1,2,1
26,1445803,847,456491,60,421424,1,2,4,0
35,692402,817,810649,24,466196,1,0,3,0
52,1011804,514,637536,60,272654,1,3,1,0
31,990074,433,346694,24,437261,0,2,0,0
43,460220,584,890125,24,141609,1,2,3,0
46,496208,425,965356,24,465899,0,2,2,0
54,950186,738,462857,36,105935,1,0,3,1
54,1000554,451,252821,12,331278,1,1,0,0
49,1317007,630,830237,36,233705,2,1,4,0
24,1304321,837,916453,12,334398,0,2,3,0
37,1298657,682,327749,60,253978,0,2,0,0
55,1126215,414,546389,48,144854,0,0,0,0
33,416204,781,100713,60,376924,1,3,1,0
59,1136297,583,463606,36,387688,0,2,1,0
35,800541,374,387547,36,327731,1,2,4,0
49,498335,465,894898,12,344382,2,3,1,0
49,1359662,488,578269,36,337864,1,2,4,0
31,656285,377,976997,24,78004,1,1,2,0
52,1174250,320,952063,36,22072,0,2,2,0
22,614758,483,431382,12,81015,1,1,1,0
34,624528,521,145335,12,225075,0,0,2,1
40,638458,627,157441,24,220010,1,0,3,0
42,1088403,478,66984,12,72746,1,1,3,0
31,818071,411,699868,48,176774,1,1,3,0
47,812181,358,947748,60,364404,1,3,2,0
23,1172892,626,465976,36,399273,2,1,3,0
37,358763,490,706884,48,128259,0,1,4,0
48,1271177,499,692742,36,30916,1,2,0,0
49,1235811,611,99402,48,27268,0,3,1,0
41,611236,334,141656,36,175050,1,1,4,0
36,339227,678,115614,24,243966,2,1,3,0
57,1198555,686,216963,12,23259,1,1,0,1
40,892137,536,403153,12,446799,1,2,1,0
26,481854,818,483048,24,79400,2,2,4,0
39,570858,582,357980,48,296437,1,2,1,0
25,879892,300,980866,60,111581,1,0,2,0
23,860327,763,833077,48,7043,1,2,3,0
21,351094,529,986066,12,181502,1,1,4,0
58,930031,471,705337,60,107009,0,2,4,0
35,992154,386,912839,36,301037,2,2,0,0
54,1067482,422,844042,60,433858,1,3,0,0
55,679083,597,683669,48,209137,0,1,0,0
45,268323,783,536134,24,161940,1,2,1,0
44,618458,464,65791,36,288453,1,0,3,0
32,1304417,682,108047,48,285428,0,3,1,0
38,590642,508,544064,36,388945,1,2,3,0
35,398784,731,284898,60,113259,2,3,4,0
36,307096,688,511122,12,100804,2,3,1,0
47,1341340,523,725025,48,69000,2,0,1,1
28,646790,302,120246,24,84179,2,0,1,0
45,810032,671,246936,60,455323,0,0,2,1
37,1014914,745,284955,48,327193,1,1,3,0
49,568226,415,398292,24,291409,2,3,3,0
28,1252272,569,620178,48,474706,1,2,1,0
35,326310,746,450010,60,260226,1,0,2,0
47,875673,667,607176,48,23880,1,0,1,1
27,1005581,552,187821,36,346723,1,3,3,0
23,1294316,616,620819,60,393471,2,3,4,0
49,306611,714,952084,48,394718,1,3,2,0
44,598172,394,857040,12,201264,1,2,2,0
23,668947,323,393130,48,327568,2,1,1,0
40,675828,349,396140,36,469054,1,1,4,0
35,973210,801,630305,24,333110,0,0,3,0
45,528785,797,547163,24,172438,1,1,0,0
50,645376,634,107676,24,420641,2,2,3,0
34,906673,378,585848,12,445544,1,1,3,0
27,1001849,326,497617,36,245352,1,2,4,0
37,1361068,570,100468,60,67396,1,0,2,1
40,1278675,546,737823,24,333838,1,3,3,0
56,1235891,686,999167,36,399022,2,2,2,0
29,953494,660,501989,48,479490,2,3,4,0
58,623177,787,869555,12,279250,0,0,4,0
42,842762,651,668634,36,56731,0,2,1,0
22,967876,555,715078,36,75010,2,2,0,0
44,1339904,521,767997,60,475749,2,1,4,0
28,1182293,300,836460,36,249091,2,2,4,0
31,505505,845,97599,60,294743,2,0,2,1
33,1283116,745,198469,12,71326,1,3,4,0
37,1406184,378,290270,12,248876,1,2,3,0
28,1333276,535,95406,48,337850,1,0,1,0
41,1180547,633,884089,60,9004,0,0,1,1
38,540676,648,117560,60,115018,1,2,3,0
50,589770,397,566394,24,444580,1,1,4,0
38,246002,381,678431,24,25792,1,2,0,0
51,1298388,801,570112,48,488968,1,2,4,0
58,615842,776,194575,12,458128,1,1,1,0
52,915339,849,104943,24,54645,0,0,0,1
31,1357522,313,125839,36,7232,1,2,2,0
45,1315244,691,656962,12,471426,0,1,2,0
53,299003,646,599633,36,54766,0,3,4,0
58,420462,609,299495,60,120601,2,3,4,0
28,919174,685,100390,12,81588,0,1,0,1
31,828889,508,800401,48,179614,1,0,0,0
42,469956,656,371701,60,5913,1,1,4,0
44,261844,393,51906,60,112406,1,0,1,0
37,595395,392,582249,36,113693,0,3,2,0
32,1323177,639,207212,60,93449,1,2,0,0
52,1125779,744,955721,24,10567,1,1,1,1
35,510001,321,239773,12,38379,0,3,4,0
36,587699,590,389711,24,206040,1,2,3,0
42,632680,784,392808,36,262463,2,3,0,0
48,1421999,605,131199,36,90005,2,1,3,1
40,293330,427,835216,12,373134,1,1,1,0
53,425391,572,149764,60,223098,0,2,2,0
30,413606,741,172357,48,479336,1,1,1,1
60,607085,802,392873,36,4791,1,3,2,0
52,391387,429,471777,12,490488,0,2,1,0
53,1489709,431,362712,48,131401,1,2,0,0
22,614170,781,945781,60,205459,1,3,0,0
53,886915,689,909734,36,61032,1,0,3,1
53,638242,624,669256,12,175150,1,2,1,0
33,562916,368,210576,12,350806,2,0,1,0
50,378048,747,952548,12,21300,1,3,3,0
53,1198082,827,873578,36,337844,2,3,4,0
33,571994,464,614585,48,444161,0,2,1,0
46,1393918,787,660682,12,55609,2,1,1,1
42,886268,725,963605,60,191634,0,2,1,0
59,1001955,564,962374,12,90045,0,1,4,0
22,1311009,641,511823,48,324045,1,0,0,1
58,744279,577,66939,36,267847,1,1,3,0
59,472919,738,493931,12,223717,2,2,4,0
46,547139,456,356604,12,325259,1,1,2,0
35,1178754,721,249294,60,219162,1,3,2,0
54,347745,550,980170,60,27676,1,0,4,0
60,337686,829,112119,12,454926,1,3,4,0
31,1255991,626,740681,12,453293,1,3,0,0
23,1155230,396,969283,60,383476,1,3,2,0
26,1417192,812,194258,48,220412,1,3,3,0
29,249976,515,459675,24,176512,2,1,1,0
26,625468,431,268827,24,167995,2,3,1,0
29,465976,559,317201,12,291946,1,1,0,0
59,1470459,424,199805,60,352475,1,3,0,0
51,411509,381,855589,36,456120,1,2,2,0
52,419526,582,871462,36,453378,1,3,3,0
32,1194620,358,200685,24,124786,1,2,3,0
28,238578,843,682900,48,327313,2,1,4,0
28,814741,460,427224,24,68147,1,0,0,0
48,1062147,583,919460,12,22075,2,1,1,0
40,408859,405,529498,48,344159,2,0,1,0
27,311435,404,186260,36,205788,2,0,2,0
31,940389,738,288178,60,9304,2,3,1,0
40,1400114,527,309418,60,129851,1,0,3,1
36,245475,617,79680,12,382873,1,1,3,0
24,1046574,763,284433,24,59622,1,3,0,0
26,1406212,771,414446,12,316359,0,0,2,1
42,1402060,355,517616,60,473362,1,1,1,0
46,1342102,312,498934,36,336117,1,0,0,1
23,1299577,739,610733,60,108654,1,0,4,0
34,1044081,317,580084,48,405737,2,3,4,0
31,392029,412,883650,60,249109,2,3,1,0
38,628733,528,744491,60,286172,0,1,1,0
32,868516,470,451339,48,39328,1,3,1,0
43,1140568,594,713582,24,289445,1,3,3,0
32,417583,488,860506,60,300159,1,2,1,0
33,563898,725,952520,12,218348,1,2,4,0
45,338286,378,473041,60,36845,1,1,1,0
39,427189,481,873271,12,348962,1,3,2,0
56,1375055,798,943544,48,76394,2,1,4,0
28,1384789,370,963946,60,175231,2,2,2,0
49,753172,547,642610,48,305858,0,2,4,0
52,1004807,445,892753,48,80722,1,2,0,0
38,472158,595,804534,24,492937,1,1,4,0
26,902495,769,684388,60,489946,1,3,4,0
38,278077,805,573321,12,287374,0,0,2,1
39,1388360,492,469204,12,92554,1,3,2,0
42,1454352,367,871939,60,49262,1,1,4,0
57,515018,793,149244,24,483417,1,2,4,0
52,269087,351,541860,24,41722,1,0,3,0
23,1013560,662,437932,24,439575,1,1,0,0
48,943859,773,407395,12,324940,0,2,0,0
30,495064,820,860238,48,171231,0,1,1,0
55,451514,730,180364,24,240740,2,0,4,1
49,1128660,597,873333,12,87052,0,2,4,0
35,342180,734,460259,12,100808,2,3,4,0
53,984192,497,518977,48,255416,1,1,4,0
27,635928,427,452968,60,262128,1,0,0,0
32,1120114,831,250065,60,221281,0,3,2,0
50,801891,710,747976,24,398455,0,0,3,0
41,1282448,364,102127,24,246052,0,1,2,0
51,557246,540,836885,48,354095,0,0,2,0
44,285774,668,911864,24,313030,1,2,0,0
40,588518,835,959304,48,365568,0,0,3,0
57,1447098,683,661650,12,420411,1,1,4,0
24,1468933,730,323120,24,104697,1,2,0,0
48,612672,382,688464,12,488075,1,0,0,0
40,1314518,585,149122,36,231572,0,0,3,0
44,737977,833,382548,48,232842,0,2,1,0
52,826256,758,394076,36,96299,0,3,0,0
56,613089,511,671458,24,165746,1,3,2,0
54,790504,425,389851,12,149177,1,2,2,0
56,546184,712,532863,24,160811,1,0,4,1
22,745932,798,267912,36,163041,1,3,0,0
35,262021,724,822466,24,14497,1,2,4,0
54,892485,842,285851,60,395032,1,1,0,0
56,660115,457,405933,36,254204,1,0,3,0
26,242291,411,670804,24,381059,1,1,0,0
59,628276,701,969521,12,257471,0,0,1,0
32,594754,421,582245,24,92019,1,3,2,0
23,1153680,572,557750,12,190326,1,1,3,0
38,503664,593,157724,60,109017,1,1,2,0
60,225675,697,448008,24,480911,1,2,4,0
41,873647,770,325381,60,331529,1,3,3,0
35,462318,506,888018,36,218220,1,3,1,0
53,1340844,409,855684,12,105153,1,0,2,0
55,908672,739,453923,36,33826,1,2,0,0
46,829698,577,739566,12,110034,1,2,0,0
28,537369,781,577831,60,456581,1,0,0,1
56,512863,413,749495,48,84242,1,1,3,0
50,329887,776,297541,24,385210,2,0,1,0
43,496063,620,678935,60,50100,1,0,1,0
34,533713,478,609319,12,221171,1,0,1,0
34,1450130,518,224001,12,387314,1,2,2,0
22,758963,827,377891,12,397575,1,0,3,1
57,1005351,791,501067,12,358349,0,0,0,1
25,990605,360,367455,24,12809,2,0,2,1
58,571513,353,555329,36,64450,0,3,1,0
34,1012832,837,810691,48,300572,1,1,0,1
59,381517,364,115867,24,488206,1,1,3,0
45,270305,470,138780,12,334934,2,1,4,0
40,892924,572,107196,24,111126,0,1,1,0
22,672963,834,647993,60,352465,1,2,1,0
59,1407610,690,894326,12,264237,1,2,1,0
26,678108,626,924072,48,44498,1,0,1,0
37,1203346,407,550653,12,116251,0,2,0,0
45,794821,461,326735,48,40985,1,1,3,0
48,387256,751,671535,48,294153,1,3,2,0
22,676128,505,754253,36,475310,0,0,0,0
55,1223920,315,50727,36,390659,1,0,3,0
57,1090023,626,988863,24,17718,1,1,2,0
25,1233668,301,93822,24,278849,1,1,1,0
21,1025626,309,415543,48,349762,2,1,3,0
60,442188,733,162113,12,62598,1,2,1,0
32,576047,424,269606,60,340022,2,0,3,0
56,1053823,380,442575,60,274383,2,1,4,0
43,437501,784,978433,12,308766,1,3,1,0
51,497675,449,440732,12,46665,0,0,1,0
31,908175,639,634379,36,294418,1,0,1,0
30,463625,428,523594,60,404635,1,2,0,0
23,1042840,737,204591,48,370512,1,0,2,1
34,400339,800,460609,24,146075,1,1,1,1
36,1134339,357,255603,36,161938,1,1,1,0
30,325355,497,930624,60,153060,1,3,0,0
49,227798,510,229006,12,449110,0,0,0,0
30,815937,344,422949,60,370707,2,0,4,0
32,219477,396,209912,48,221516,1,2,3,0
50,417400,578,954521,36,136746,2,1,1,0
21,1465636,834,663655,12,201610,0,3,3,0
25,589959,709,63265,48,355247,2,1,0,0
40,1224374,760,448640,24,66446,0,0,0,0
28,605105,690,463841,36,29072,0,0,4,0
32,473586,343,653910,48,33717,0,3,2,0
21,1023759,326,734547,48,218417,1,0,0,0
40,1133703,396,348073,12,157723,2,3,1,0
48,534971,847,374036,24,379346,1,3,4,0
57,331184,518,725899,48,437507,2,1,2,0
57,1335627,484,368774,36,384533,1,3,4,0
32,350653,368,271711,48,109525,1,0,0,1
57,445300,429,536626,60,456566,2,2,2,0
48,784010,633,976719,36,213092,1,2,3,0
35,292036,453,220457,36,4646,1,0,2,0
26,347595,846,705313,48,301857,2,2,1,0
40,1053392,378,661868,12,330080,2,2,3,0
34,481696,712,389606,36,175403,2,3,3,0
22,1390456,845,687684,60,284329,2,2,1,0
29,435419,468,409181,12,346407,0,2,3,0
57,1190029,814,145310,12,229728,2,2,0,1
40,354692,613,206080,12,52107,1,1,2,0
46,463031,331,361072,36,244865,2,0,2,0
49,493946,586,788456,12,459770,1,3,1,0
21,688765,342,139876,48,279707,1,2,0,0
55,842927,300,599264,12,70729,1,0,3,0
26,1466389,569,819302,60,277845,1,2,2,0
57,601062,479,437128,24,200144,0,1,2,0
25,683779,817,732986,60,441433,2,1,2,0
53,697952,402,410400,36,437826,2,2,2,0
34,770508,309,412681,12,215494,0,2,4,0
32,1032595,389,240861,12,495339,1,2,1,0
40,596981,525,972204,48,252615,1,1,3,0
44,579270,425,683619,12,443347,1,1,3,0
54,1323853,508,769005,60,128331,1,0,1,0
45,1205782,396,301666,36,160482,2,3,0,0
49,683455,373,319670,24,99280,1,3,1,0
59,322332,490,678151,12,189787,1,1,2,0
51,1482807,355,249121,24,38665,1,3,2,0
43,747219,331,385510,12,278101,0,2,1,0
58,289116,826,502333,36,441343,1,0,1,1
40,451671,583,106096,60,456805,0,1,3,0
43,974504,793,713270,36,308152,0,1,3,1
36,1274567,486,907617,24,324064,1,3,4,0
28,714265,797,100248,12,259285,2,2,4,0
41,828380,741,255728,24,163947,1,0,2,1
21,429577,429,969455,60,113828,0,3,4,0
28,910672,591,129888,36,385996,1,1,4,1
49,603777,413,256354,24,132698,2,1,0,0
52,295556,498,290346,24,90815,1,3,1,0
58,1405565,312,668821,60,194894,2,2,3,0
25,595204,570,91954,12,464981,1,0,4,0
42,852755,514,401863,24,203485,1,0,3,0
54,943088,743,714164,60,164714,0,0,4,0
21,850443,811,798065,12,300455,1,0,4,1
46,698682,746,312739,12,32356,1,2,2,0
30,259778,373,341736,36,265953,1,1,0,0
50,1294409,836,614931,60,436587,2,1,1,1
38,1009057,400,304793,12,297019,2,0,1,0
37,756376,475,374809,36,241121,0,0,2,0
46,1444951,726,988327,48,271609,0,0,2,0
28,276361,416,318116,60,197167,1,3,1,0
60,1383765,465,328026,48,335988,1,3,1,0
32,722154,340,771754,12,196322,1,1,0,0
47,822006,728,514271,60,349033,2,1,4,0
28,1211930,643,729129,36,15250,2,0,0,1
45,1184558,723,599308,12,46023,1,3,1,0
24,1279525,665,414765,60,101350,2,2,4,0
53,1054568,419,921806,60,177696,1,3,1,0
21,1360117,528,94912,48,16427,0,1,0,1
39,261842,429,62879,12,426492,1,3,0,0
51,688019,651,608086,36,333787,1,1,0,0
36,1481506,617,682079,36,210084,1,0,4,0
34,489134,636,533042,12,134511,0,2,3,0
25,871553,572,751433,12,479064,1,0,3,0
46,330356,416,387935,24,218403,1,0,1,0
48,968917,667,903415,48,78672,2,2,4,0
22,937090,393,537947,12,472919,1,2,2,0
26,1114565,467,708210,12,17300,1,2,3,0
29,987738,640,209472,24,322433,1,1,4,0
53,1252425,451,848385,24,410398,1,0,4,0
45,212360,573,680698,60,463723,1,1,3,0
33,573216,795,699443,36,444128,2,2,4,0
29,977567,400,204607,48,420125,1,1,4,0
33,819055,381,780896,60,19659,2,2,3,0
51,461445,828,518255,12,162475,0,3,0,0
31,630179,372,302712,24,245259,0,2,1,0
24,254330,313,917461,36,426802,2,0,2,0
54,251707,732,54055,60,10360,2,0,1,1
58,480833,456,350314,36,283568,2,0,0,0
24,1288963,431,279016,24,98035,1,1,0,0
58,386633,637,812945,60,48791,2,0,4,0
39,1034874,703,936408,60,396281,2,2,1,0
26,1089493,675,340395,36,199867,2,3,0,0
54,596210,406,972036,24,274444,1,0,1,0
38,978799,564,710284,12,33370,1,1,0,0
33,988245,504,98037,60,200903,2,3,2,0
43,1079459,378,142115,12,27209,1,0,0,0
39,284381,454,914358,24,495047,1,0,1,0
31,1041708,546,522032,60,283071,1,3,4,0
21,393984,830,532870,60,34579,1,0,1,1
44,1308848,837,120400,12,271176,1,1,3,1
27,1196358,453,673813,48,93254,0,2,1,0
45,938096,453,413308,12,340557,2,2,2,0
41,453091,391,273457,12,433947,1,3,2,0
35,1052050,732,798462,48,113528,1,2,2,0
21,464064,637,191774,24,223274,0,0,0,0
32,1354697,779,943164,24,446983,0,0,2,1
27,670435,430,65385,60,386060,0,1,1,0
35,801160,749,845768,36,238292,1,2,4,0
41,464237,572,901853,36,334446,0,3,2,0
39,475049,476,998729,60,181026,2,0,1,0
49,846047,348,610309,36,248342,0,3,0,0
45,617567,654,971286,12,219437,0,0,0,0
53,282289,607,558670,12,347901,0,0,4,0
52,840794,345,167369,48,418318,0,1,4,0
55,459480,601,794990,48,427649,1,2,1,0
58,333498,707,623399,60,278076,2,1,4,0
46,1338585,488,139402,60,287858,1,2,4,0
31,923858,428,694062,60,57803,0,3,0,0
55,623159,836,303724,12,432959,1,2,1,0
28,921755,565,789945,36,133624,1,3,4,0
34,244816,417,879151,60,56627,2,0,1,0
30,204138,763,277600,60,177059,0,3,2,0
22,1339752,443,754397,12,341954,1,3,0,0
29,990449,741,523319,12,45380,1,0,0,1
23,996883,499,699983,12,160322,1,3,0,0
41,556007,456,184585,36,199416,1,3,3,0
46,996710,786,820543,60,326830,0,0,1,0
28,421552,433,718695,24,382465,1,0,2,0
22,243764,447,749500,24,307172,0,0,4,0
26,323030,635,154126,60,146367,1,2,2,0
48,1118638,370,785733,60,375285,0,0,1,0
49,516462,532,651946,60,317392,2,0,0,0
46,1089855,633,215912,60,473421,0,3,3,0
45,260128,389,867439,36,272667,2,1,1,0
32,419128,633,681121,24,307674,2,1,1,0
25,1008301,498,168637,48,259125,2,2,4,0
54,1482116,460,957153,24,13769,1,2,2,0
57,205039,837,667508,24,456258,1,1,2,0
35,352353,420,76393,12,112035,1,1,4,0
56,312935,600,631768,60,175717,0,0,3,0
35,253053,735,953675,60,221815,1,3,0,0
43,1430137,367,924722,60,455358,0,0,0,0
26,286346,758,529551,12,231832,2,2,3,0
41,529231,813,940695,36,156629,0,1,4,0
43,605841,697,714467,36,234799,1,2,1,0
36,758685,585,571397,48,341926,1,0,2,1
35,316214,439,842425,36,340526,1,2,1,0
45,685001,581,143650,36,168157,1,2,2,0
56,1053329,756,808685,60,443924,0,3,1,0
31,1187410,386,568196,24,444573,1,2,4,0
35,600826,378,954027,36,373083,1,0,4,0
24,636542,504,102066,36,144542,2,3,3,0
41,837431,636,423994,12,340856,1,2,1,0
33,572397,553,879374,48,118643,2,0,1,0
42,562441,603,66138,12,369561,0,1,3,0
39,1083520,679,168558,60,210154,1,3,3,0
54,734391,429,308480,24,137877,0,2,4,0
34,626674,575,487743,48,213396,0,2,4,0
24,1208109,482,321334,12,390400,0,3,1,0
47,282409,567,928691,36,225956,1,0,4,0
49,1271824,621,128422,36,455244,0,2,4,0
48,898876,811,761058,48,181844,1,0,1,1
55,1256600,377,656603,36,445320,2,3,3,0
28,675430,638,79086,12,466832,1,2,1,0
36,1483440,808,984826,12,101422,1,1,0,1
56,1423451,537,175604,36,351444,1,1,1,0
50,1136800,433,937246,36,268774,1,1,0,0
38,1392503,491,169324,60,386618,0,3,1,0
22,1333754,655,526785,24,361013,1,2,0,0
33,1247380,577,790970,48,277845,1,3,0,0
24,1087553,317,441065,12,145931,2,2,1,0
46,1006457,823,53435,48,414399,1,1,4,0
45,1312186,479,937937,60,433654,1,1,2,0
50,831525,422,889763,12,359429,1,0,4,0
31,898787,545,210014,60,117556,0,3,0,0
27,1254244,672,764995,60,228495,1,3,1,0
51,1471118,350,472275,36,254809,1,0,1,1
30,378267,370,762917,48,435460,0,1,1,0
59,355489,779,425601,48,205384,0,1,1,0
33,544126,318,888821,36,15021,0,3,2,0
51,508362,383,889446,48,200935,1,2,3,0
27,1113081,454,476042,36,448781,0,1,0,0
56,1337411,656,342441,12,441259,1,0,2,1
40,1015359,742,618178,60,204222,1,0,4,0
24,301948,368,333466,60,64361,1,0,3,0
27,1433770,822,610027,48,394461,2,3,3,0
21,493851,442,452935,24,434227,2,3,1,0
33,1386944,491,653841,60,272499,1,3,2,0
42,1405046,686,58314,36,98841,0,3,4,0
41,497986,677,668119,24,441908,1,0,1,0
42,213261,834,911596,24,180076,1,0,1,0
48,1325285,592,419802,60,246300,1,3,0,0
29,568760,308,913460,60,160786,1,3,3,0
46,1053605,570,872545,60,17198,0,0,4,0
29,475796,686,691462,36,329095,1,3,3,0
35,970692,392,196429,24,394868,0,3,2,0
30,628745,828,279937,48,436841,1,3,0,0
44,837787,453,594653,36,258466,1,3,1,0
28,873812,704,351173,12,479198,1,1,0,1
44,1035825,448,313881,60,18740,0,3,1,0
36,890796,566,443186,24,265954,1,0,0,0
46,525203,721,779992,36,385887,1,0,1,1
47,544866,771,659762,12,409785,0,0,3,0
57,975107,846,390362,36,258308,1,0,3,1
24,736644,825,829966,36,99855,1,3,3,0
44,852416,802,208571,48,210192,1,1,3,0
39,1216003,313,815387,48,288927,1,2,0,0
56,1250763,663,291474,36,121701,1,2,1,0
59,876585,418,178692,12,492281,1,2,3,0
30,1374846,537,812790,24,340191,1,2,0,0
45,531607,845,751517,24,271615,1,0,1,1
38,1189336,468,440555,60,110771,1,3,0,0
39,967286,821,222106,60,6163,0,3,3,0
56,1229933,815,50294,24,456303,0,2,2,0
30,1120095,696,861028,36,324215,0,2,0,0
53,1240950,405,148185,36,16065,1,1,3,0
25,965791,384,847866,48,384467,1,1,4,0
55,1166020,513,108382,48,241262,1,1,1,0
54,553827,420,350242,60,380113,0,0,3,0
53,1329833,431,578943,24,345600,2,3,4,0
41,261753,496,657317,36,497721,1,0,0,0
37,1071206,318,358372,24,248924,2,0,0,0
42,1271984,311,53771,12,179420,1,3,4,0
57,324116,380,386243,24,281298,1,1,4,0
35,1222780,629,695099,12,367847,0,3,1,0
55,855496,691,898689,48,20229,0,2,0,0
48,217413,606,853990,48,314731,0,1,4,0
27,837938,566,370580,60,250470,1,3,2,0
52,1308076,746,157779,24,311857,1,0,2,1
31,1070946,740,699179,24,158069,1,3,4,0
30,1304934,301,829085,12,21101,1,1,1,0
29,266197,819,535319,48,40391,2,2,0,0
34,693992,608,828760,12,206935,0,0,2,1
33,423492,821,606664,48,72723,0,2,4,0
45,985833,768,530674,12,226293,1,2,4,0
22,626070,511,127924,48,190477,1,0,3,1
55,276240,411,603620,12,166020,1,3,4,0
27,435595,307,443145,48,362408,1,3,1,0
41,1255544,776,621025,12,446247,0,2,2,0
38,489662,759,443056,24,300065,1,3,3,0
23,1038357,552,139031,60,465787,2,1,2,1
59,390920,825,517186,12,470223,0,2,2,0
31,1098332,737,233024,60,290604,2,2,1,1
59,1079854,535,333135,24,414287,2,2,4,0
44,432076,605,77472,24,197190,0,1,1,0
39,1271775,777,109946,48,179354,1,2,4,0
24,637805,319,548782,60,91725,1,3,3,0
46,363187,515,994353,36,320589,1,3,1,0
58,655150,434,313685,48,212139,1,3,1,0
52,709551,428,703525,60,344352,1,3,0,0
59,1254096,709,52765,12,448032,1,2,1,0
56,367527,721,355218,12,368427,0,1,0,0
60,970644,593,414939,24,85779,2,0,4,0
57,847652,545,734643,36,3060,1,3,4,0
53,1423697,385,675675,12,125806,1,0,4,0
56,1187797,674,825404,60,275875,2,0,0,1
23,450144,745,543377,60,339974,1,2,4,0
